<?xml version="1.0" encoding="UTF-8" ?>
<!DOCTYPE mapper PUBLIC "-//mybatis.org//DTD Mapper 3.0//EN" "http://mybatis.org/dtd/mybatis-3-mapper.dtd" >
<mapper namespace="com.xj.dao.BBankDao" >
  <resultMap id="BaseResultMap" type="com.xj.domain.base.BBank" >
    <id column="b_id" property="bId" jdbcType="VARCHAR" />
    <result column="b_name" property="bName" jdbcType="VARCHAR" />
    <result column="b_account" property="bAccount" jdbcType="VARCHAR" />
    <result column="b_cid" property="bCid" jdbcType="INTEGER" />
    <result column="Createdate" property="createdate" jdbcType="TIMESTAMP" />
    <result column="ModifyDate" property="modifydate" jdbcType="TIMESTAMP" />
    <result column="CreateBy" property="createby" jdbcType="VARCHAR" />
    <result column="ModifyBy" property="modifyby" jdbcType="VARCHAR" />
  </resultMap>
  <resultMap id="ResultMapWithBLOBs" type="com.xj.domain.base.BBank" extends="BaseResultMap" >
    <result column="b_remark" property="bRemark" jdbcType="LONGVARCHAR" />
  </resultMap>
  <sql id="Example_Where_Clause" >
    <where >
      <foreach collection="oredCriteria" item="criteria" separator="or" >
        <if test="criteria.valid" >
          <trim prefix="(" suffix=")" prefixOverrides="and" >
            <foreach collection="criteria.criteria" item="criterion" >
              <choose >
                <when test="criterion.noValue" >
                  and ${criterion.condition}
                </when>
                <when test="criterion.singleValue" >
                  and ${criterion.condition} #{criterion.value}
                </when>
                <when test="criterion.betweenValue" >
                  and ${criterion.condition} #{criterion.value} and #{criterion.secondValue}
                </when>
                <when test="criterion.listValue" >
                  and ${criterion.condition}
                  <foreach collection="criterion.value" item="listItem" open="(" close=")" separator="," >
                    #{listItem}
                  </foreach>
                </when>
              </choose>
            </foreach>
          </trim>
        </if>
      </foreach>
    </where>
  </sql>
  <sql id="Update_By_Example_Where_Clause" >
    <where >
      <foreach collection="example.oredCriteria" item="criteria" separator="or" >
        <if test="criteria.valid" >
          <trim prefix="(" suffix=")" prefixOverrides="and" >
            <foreach collection="criteria.criteria" item="criterion" >
              <choose >
                <when test="criterion.noValue" >
                  and ${criterion.condition}
                </when>
                <when test="criterion.singleValue" >
                  and ${criterion.condition} #{criterion.value}
                </when>
                <when test="criterion.betweenValue" >
                  and ${criterion.condition} #{criterion.value} and #{criterion.secondValue}
                </when>
                <when test="criterion.listValue" >
                  and ${criterion.condition}
                  <foreach collection="criterion.value" item="listItem" open="(" close=")" separator="," >
                    #{listItem}
                  </foreach>
                </when>
              </choose>
            </foreach>
          </trim>
        </if>
      </foreach>
    </where>
  </sql>
  <sql id="Base_Column_List" >
    <if test="fields == null" >
      b_id, b_name, b_account, b_cid, Createdate, ModifyDate, CreateBy, ModifyBy
    </if>
    <if test="fields != null" >
      ${fields}
    </if>
  </sql>
  <sql id="Blob_Column_List" >
    b_remark
  </sql>
  <select id="selectByExampleWithBLOBs" resultMap="ResultMapWithBLOBs" parameterType="com.xj.domain.base.BBankQuery" >
    select
    <if test="distinct" >
      distinct
    </if>
    <include refid="Base_Column_List" />
    ,
    <include refid="Blob_Column_List" />
    from b_bank
    <if test="_parameter != null" >
      <include refid="Example_Where_Clause" />
    </if>
    <if test="orderByClause != null" >
      order by ${orderByClause}
    </if>
  </select>
  <select id="selectByExample" resultMap="BaseResultMap" parameterType="com.xj.domain.base.BBankQuery" >
    select
    <if test="distinct" >
      distinct
    </if>
    <include refid="Base_Column_List" />
    from b_bank
    <if test="_parameter != null" >
      <include refid="Example_Where_Clause" />
    </if>
    <if test="orderByClause != null" >
      order by ${orderByClause}
    </if>
    <if test="startRow != null" >
      limit #{startRow} , #{pageSize}
    </if>
  </select>
  <select id="selectByPrimaryKey" resultMap="ResultMapWithBLOBs" parameterType="java.lang.String" >
    select 
    b_id,b_name,b_account,b_cid,Createdate,ModifyDate,CreateBy,ModifyBy,b_remark
    ,
    <include refid="Blob_Column_List" />
    from b_bank
    where b_id = #{bId,jdbcType=VARCHAR}
  </select>
  <delete id="deleteByPrimaryKey" parameterType="java.lang.String" >
    delete from b_bank
    where b_id = #{bId,jdbcType=VARCHAR}
  </delete>
  <delete id="deleteByExample" parameterType="com.xj.domain.base.BBankQuery" >
    delete from b_bank
    <if test="_parameter != null" >
      <include refid="Example_Where_Clause" />
    </if>
  </delete>
  <insert id="insert" parameterType="com.xj.domain.base.BBank" >
    insert into b_bank (b_id, b_name, b_account, 
      b_cid, Createdate, ModifyDate, 
      CreateBy, ModifyBy, b_remark
      )
    values (#{bId,jdbcType=VARCHAR}, #{bName,jdbcType=VARCHAR}, #{bAccount,jdbcType=VARCHAR}, 
      #{bCid,jdbcType=INTEGER}, #{createdate,jdbcType=TIMESTAMP}, #{modifydate,jdbcType=TIMESTAMP}, 
      #{createby,jdbcType=VARCHAR}, #{modifyby,jdbcType=VARCHAR}, #{bRemark,jdbcType=LONGVARCHAR}
      )
  </insert>
  <insert id="insertSelective" parameterType="com.xj.domain.base.BBank" >
    insert into b_bank
    <trim prefix="(" suffix=")" suffixOverrides="," >
      <if test="bId != null" >
        b_id,
      </if>
      <if test="bName != null" >
        b_name,
      </if>
      <if test="bAccount != null" >
        b_account,
      </if>
      <if test="bCid != null" >
        b_cid,
      </if>
      <if test="createdate != null" >
        Createdate,
      </if>
      <if test="modifydate != null" >
        ModifyDate,
      </if>
      <if test="createby != null" >
        CreateBy,
      </if>
      <if test="modifyby != null" >
        ModifyBy,
      </if>
      <if test="bRemark != null" >
        b_remark,
      </if>
    </trim>
    <trim prefix="values (" suffix=")" suffixOverrides="," >
      <if test="bId != null" >
        #{bId,jdbcType=VARCHAR},
      </if>
      <if test="bName != null" >
        #{bName,jdbcType=VARCHAR},
      </if>
      <if test="bAccount != null" >
        #{bAccount,jdbcType=VARCHAR},
      </if>
      <if test="bCid != null" >
        #{bCid,jdbcType=INTEGER},
      </if>
      <if test="createdate != null" >
        #{createdate,jdbcType=TIMESTAMP},
      </if>
      <if test="modifydate != null" >
        #{modifydate,jdbcType=TIMESTAMP},
      </if>
      <if test="createby != null" >
        #{createby,jdbcType=VARCHAR},
      </if>
      <if test="modifyby != null" >
        #{modifyby,jdbcType=VARCHAR},
      </if>
      <if test="bRemark != null" >
        #{bRemark,jdbcType=LONGVARCHAR},
      </if>
    </trim>
  </insert>
  <select id="countByExample" parameterType="com.xj.domain.base.BBankQuery" resultType="java.lang.Integer" >
    select count(*) from b_bank
    <if test="_parameter != null" >
      <include refid="Example_Where_Clause" />
    </if>
  </select>
  <update id="updateByExampleSelective" parameterType="map" >
    update b_bank
    <set >
      <if test="record.bId != null" >
        b_id = #{record.bId,jdbcType=VARCHAR},
      </if>
      <if test="record.bName != null" >
        b_name = #{record.bName,jdbcType=VARCHAR},
      </if>
      <if test="record.bAccount != null" >
        b_account = #{record.bAccount,jdbcType=VARCHAR},
      </if>
      <if test="record.bCid != null" >
        b_cid = #{record.bCid,jdbcType=INTEGER},
      </if>
      <if test="record.createdate != null" >
        Createdate = #{record.createdate,jdbcType=TIMESTAMP},
      </if>
      <if test="record.modifydate != null" >
        ModifyDate = #{record.modifydate,jdbcType=TIMESTAMP},
      </if>
      <if test="record.createby != null" >
        CreateBy = #{record.createby,jdbcType=VARCHAR},
      </if>
      <if test="record.modifyby != null" >
        ModifyBy = #{record.modifyby,jdbcType=VARCHAR},
      </if>
      <if test="record.bRemark != null" >
        b_remark = #{record.bRemark,jdbcType=LONGVARCHAR},
      </if>
    </set>
    <if test="_parameter != null" >
      <include refid="Update_By_Example_Where_Clause" />
    </if>
  </update>
  <update id="updateByExampleWithBLOBs" parameterType="map" >
    update b_bank
    set b_id = #{record.bId,jdbcType=VARCHAR},
      b_name = #{record.bName,jdbcType=VARCHAR},
      b_account = #{record.bAccount,jdbcType=VARCHAR},
      b_cid = #{record.bCid,jdbcType=INTEGER},
      Createdate = #{record.createdate,jdbcType=TIMESTAMP},
      ModifyDate = #{record.modifydate,jdbcType=TIMESTAMP},
      CreateBy = #{record.createby,jdbcType=VARCHAR},
      ModifyBy = #{record.modifyby,jdbcType=VARCHAR},
      b_remark = #{record.bRemark,jdbcType=LONGVARCHAR}
    <if test="_parameter != null" >
      <include refid="Update_By_Example_Where_Clause" />
    </if>
  </update>
  <update id="updateByExample" parameterType="map" >
    update b_bank
    set b_id = #{record.bId,jdbcType=VARCHAR},
      b_name = #{record.bName,jdbcType=VARCHAR},
      b_account = #{record.bAccount,jdbcType=VARCHAR},
      b_cid = #{record.bCid,jdbcType=INTEGER},
      Createdate = #{record.createdate,jdbcType=TIMESTAMP},
      ModifyDate = #{record.modifydate,jdbcType=TIMESTAMP},
      CreateBy = #{record.createby,jdbcType=VARCHAR},
      ModifyBy = #{record.modifyby,jdbcType=VARCHAR}
    <if test="_parameter != null" >
      <include refid="Update_By_Example_Where_Clause" />
    </if>
  </update>
  <update id="updateByPrimaryKeySelective" parameterType="com.xj.domain.base.BBank" >
    update b_bank
    <set >
      <if test="bName != null" >
        b_name = #{bName,jdbcType=VARCHAR},
      </if>
      <if test="bAccount != null" >
        b_account = #{bAccount,jdbcType=VARCHAR},
      </if>
      <if test="bCid != null" >
        b_cid = #{bCid,jdbcType=INTEGER},
      </if>
      <if test="createdate != null" >
        Createdate = #{createdate,jdbcType=TIMESTAMP},
      </if>
      <if test="modifydate != null" >
        ModifyDate = #{modifydate,jdbcType=TIMESTAMP},
      </if>
      <if test="createby != null" >
        CreateBy = #{createby,jdbcType=VARCHAR},
      </if>
      <if test="modifyby != null" >
        ModifyBy = #{modifyby,jdbcType=VARCHAR},
      </if>
      <if test="bRemark != null" >
        b_remark = #{bRemark,jdbcType=LONGVARCHAR},
      </if>
    </set>
    where b_id = #{bId,jdbcType=VARCHAR}
  </update>
  <update id="updateByPrimaryKeyWithBLOBs" parameterType="com.xj.domain.base.BBank" >
    update b_bank
    set b_name = #{bName,jdbcType=VARCHAR},
      b_account = #{bAccount,jdbcType=VARCHAR},
      b_cid = #{bCid,jdbcType=INTEGER},
      Createdate = #{createdate,jdbcType=TIMESTAMP},
      ModifyDate = #{modifydate,jdbcType=TIMESTAMP},
      CreateBy = #{createby,jdbcType=VARCHAR},
      ModifyBy = #{modifyby,jdbcType=VARCHAR},
      b_remark = #{bRemark,jdbcType=LONGVARCHAR}
    where b_id = #{bId,jdbcType=VARCHAR}
  </update>
  <update id="updateByPrimaryKey" parameterType="com.xj.domain.base.BBank" >
    update b_bank
    set b_name = #{bName,jdbcType=VARCHAR},
      b_account = #{bAccount,jdbcType=VARCHAR},
      b_cid = #{bCid,jdbcType=INTEGER},
      Createdate = #{createdate,jdbcType=TIMESTAMP},
      ModifyDate = #{modifydate,jdbcType=TIMESTAMP},
      CreateBy = #{createby,jdbcType=VARCHAR},
      ModifyBy = #{modifyby,jdbcType=VARCHAR}
    where b_id = #{bId,jdbcType=VARCHAR}
  </update>
</mapper>