<?xml version="1.0" encoding="UTF-8" ?>
<!DOCTYPE mapper PUBLIC "-//mybatis.org//DTD Mapper 3.0//EN" "http://mybatis.org/dtd/mybatis-3-mapper.dtd" >
<mapper namespace="com.xj.dao.BCityDao" >
  <resultMap id="BaseResultMap" type="com.xj.domain.base.BCity" >
    <id column="c_id" property="cId" jdbcType="INTEGER" />
    <result column="c_name" property="cName" jdbcType="VARCHAR" />
    <result column="c_provinceid" property="cProvinceid" jdbcType="INTEGER" />
    <result column="Createdate" property="createdate" jdbcType="TIMESTAMP" />
    <result column="ModifyDate" property="modifydate" jdbcType="TIMESTAMP" />
    <result column="CreateBy" property="createby" jdbcType="VARCHAR" />
    <result column="ModifyBy" property="modifyby" jdbcType="VARCHAR" />
  </resultMap>
  <sql id="Example_Where_Clause" >
    <where >
      <foreach collection="oredCriteria" item="criteria" separator="or" >
        <if test="criteria.valid" >
          <trim prefix="(" suffix=")" prefixOverrides="and" >
            <foreach collection="criteria.criteria" item="criterion" >
              <choose >
                <when test="criterion.noValue" >
                  and ${criterion.condition}
                </when>
                <when test="criterion.singleValue" >
                  and ${criterion.condition} #{criterion.value}
                </when>
                <when test="criterion.betweenValue" >
                  and ${criterion.condition} #{criterion.value} and #{criterion.secondValue}
                </when>
                <when test="criterion.listValue" >
                  and ${criterion.condition}
                  <foreach collection="criterion.value" item="listItem" open="(" close=")" separator="," >
                    #{listItem}
                  </foreach>
                </when>
              </choose>
            </foreach>
          </trim>
        </if>
      </foreach>
    </where>
  </sql>
  <sql id="Update_By_Example_Where_Clause" >
    <where >
      <foreach collection="example.oredCriteria" item="criteria" separator="or" >
        <if test="criteria.valid" >
          <trim prefix="(" suffix=")" prefixOverrides="and" >
            <foreach collection="criteria.criteria" item="criterion" >
              <choose >
                <when test="criterion.noValue" >
                  and ${criterion.condition}
                </when>
                <when test="criterion.singleValue" >
                  and ${criterion.condition} #{criterion.value}
                </when>
                <when test="criterion.betweenValue" >
                  and ${criterion.condition} #{criterion.value} and #{criterion.secondValue}
                </when>
                <when test="criterion.listValue" >
                  and ${criterion.condition}
                  <foreach collection="criterion.value" item="listItem" open="(" close=")" separator="," >
                    #{listItem}
                  </foreach>
                </when>
              </choose>
            </foreach>
          </trim>
        </if>
      </foreach>
    </where>
  </sql>
  <sql id="Base_Column_List" >
    <if test="fields == null" >
      c_id, c_name, c_provinceid, Createdate, ModifyDate, CreateBy, ModifyBy
    </if>
    <if test="fields != null" >
      ${fields}
    </if>
  </sql>
  <select id="selectByExample" resultMap="BaseResultMap" parameterType="com.xj.domain.base.BCityQuery" >
    select
    <if test="distinct" >
      distinct
    </if>
    <include refid="Base_Column_List" />
    from b_city
    <if test="_parameter != null" >
      <include refid="Example_Where_Clause" />
    </if>
    <if test="orderByClause != null" >
      order by ${orderByClause}
    </if>
    <if test="startRow != null" >
      limit #{startRow} , #{pageSize}
    </if>
  </select>
  <select id="selectByPrimaryKey" resultMap="BaseResultMap" parameterType="java.lang.Integer" >
    select 
    c_id,c_name,c_provinceid,Createdate,ModifyDate,CreateBy,ModifyBy
    from b_city
    where c_id = #{cId,jdbcType=INTEGER}
  </select>
  <delete id="deleteByPrimaryKey" parameterType="java.lang.Integer" >
    delete from b_city
    where c_id = #{cId,jdbcType=INTEGER}
  </delete>
  <delete id="deleteByExample" parameterType="com.xj.domain.base.BCityQuery" >
    delete from b_city
    <if test="_parameter != null" >
      <include refid="Example_Where_Clause" />
    </if>
  </delete>
  <insert id="insert" parameterType="com.xj.domain.base.BCity" >
    insert into b_city (c_id, c_name, c_provinceid, 
      Createdate, ModifyDate, CreateBy, 
      ModifyBy)
    values (#{cId,jdbcType=INTEGER}, #{cName,jdbcType=VARCHAR}, #{cProvinceid,jdbcType=INTEGER}, 
      #{createdate,jdbcType=TIMESTAMP}, #{modifydate,jdbcType=TIMESTAMP}, #{createby,jdbcType=VARCHAR}, 
      #{modifyby,jdbcType=VARCHAR})
  </insert>
  <insert id="insertSelective" parameterType="com.xj.domain.base.BCity" >
    insert into b_city
    <trim prefix="(" suffix=")" suffixOverrides="," >
      <if test="cId != null" >
        c_id,
      </if>
      <if test="cName != null" >
        c_name,
      </if>
      <if test="cProvinceid != null" >
        c_provinceid,
      </if>
      <if test="createdate != null" >
        Createdate,
      </if>
      <if test="modifydate != null" >
        ModifyDate,
      </if>
      <if test="createby != null" >
        CreateBy,
      </if>
      <if test="modifyby != null" >
        ModifyBy,
      </if>
    </trim>
    <trim prefix="values (" suffix=")" suffixOverrides="," >
      <if test="cId != null" >
        #{cId,jdbcType=INTEGER},
      </if>
      <if test="cName != null" >
        #{cName,jdbcType=VARCHAR},
      </if>
      <if test="cProvinceid != null" >
        #{cProvinceid,jdbcType=INTEGER},
      </if>
      <if test="createdate != null" >
        #{createdate,jdbcType=TIMESTAMP},
      </if>
      <if test="modifydate != null" >
        #{modifydate,jdbcType=TIMESTAMP},
      </if>
      <if test="createby != null" >
        #{createby,jdbcType=VARCHAR},
      </if>
      <if test="modifyby != null" >
        #{modifyby,jdbcType=VARCHAR},
      </if>
    </trim>
  </insert>
  <select id="countByExample" parameterType="com.xj.domain.base.BCityQuery" resultType="java.lang.Integer" >
    select count(*) from b_city
    <if test="_parameter != null" >
      <include refid="Example_Where_Clause" />
    </if>
  </select>
  <update id="updateByExampleSelective" parameterType="map" >
    update b_city
    <set >
      <if test="record.cId != null" >
        c_id = #{record.cId,jdbcType=INTEGER},
      </if>
      <if test="record.cName != null" >
        c_name = #{record.cName,jdbcType=VARCHAR},
      </if>
      <if test="record.cProvinceid != null" >
        c_provinceid = #{record.cProvinceid,jdbcType=INTEGER},
      </if>
      <if test="record.createdate != null" >
        Createdate = #{record.createdate,jdbcType=TIMESTAMP},
      </if>
      <if test="record.modifydate != null" >
        ModifyDate = #{record.modifydate,jdbcType=TIMESTAMP},
      </if>
      <if test="record.createby != null" >
        CreateBy = #{record.createby,jdbcType=VARCHAR},
      </if>
      <if test="record.modifyby != null" >
        ModifyBy = #{record.modifyby,jdbcType=VARCHAR},
      </if>
    </set>
    <if test="_parameter != null" >
      <include refid="Update_By_Example_Where_Clause" />
    </if>
  </update>
  <update id="updateByExample" parameterType="map" >
    update b_city
    set c_id = #{record.cId,jdbcType=INTEGER},
      c_name = #{record.cName,jdbcType=VARCHAR},
      c_provinceid = #{record.cProvinceid,jdbcType=INTEGER},
      Createdate = #{record.createdate,jdbcType=TIMESTAMP},
      ModifyDate = #{record.modifydate,jdbcType=TIMESTAMP},
      CreateBy = #{record.createby,jdbcType=VARCHAR},
      ModifyBy = #{record.modifyby,jdbcType=VARCHAR}
    <if test="_parameter != null" >
      <include refid="Update_By_Example_Where_Clause" />
    </if>
  </update>
  <update id="updateByPrimaryKeySelective" parameterType="com.xj.domain.base.BCity" >
    update b_city
    <set >
      <if test="cName != null" >
        c_name = #{cName,jdbcType=VARCHAR},
      </if>
      <if test="cProvinceid != null" >
        c_provinceid = #{cProvinceid,jdbcType=INTEGER},
      </if>
      <if test="createdate != null" >
        Createdate = #{createdate,jdbcType=TIMESTAMP},
      </if>
      <if test="modifydate != null" >
        ModifyDate = #{modifydate,jdbcType=TIMESTAMP},
      </if>
      <if test="createby != null" >
        CreateBy = #{createby,jdbcType=VARCHAR},
      </if>
      <if test="modifyby != null" >
        ModifyBy = #{modifyby,jdbcType=VARCHAR},
      </if>
    </set>
    where c_id = #{cId,jdbcType=INTEGER}
  </update>
  <update id="updateByPrimaryKey" parameterType="com.xj.domain.base.BCity" >
    update b_city
    set c_name = #{cName,jdbcType=VARCHAR},
      c_provinceid = #{cProvinceid,jdbcType=INTEGER},
      Createdate = #{createdate,jdbcType=TIMESTAMP},
      ModifyDate = #{modifydate,jdbcType=TIMESTAMP},
      CreateBy = #{createby,jdbcType=VARCHAR},
      ModifyBy = #{modifyby,jdbcType=VARCHAR}
    where c_id = #{cId,jdbcType=INTEGER}
  </update>
</mapper>