<?xml version="1.0" encoding="UTF-8" ?>
<!DOCTYPE mapper PUBLIC "-//mybatis.org//DTD Mapper 3.0//EN" "http://mybatis.org/dtd/mybatis-3-mapper.dtd" >
<mapper namespace="com.xj.dao.BProductsDao" >
  <resultMap id="BaseResultMap" type="com.xj.domain.base.BProducts" >
    <id column="p_id" property="pId" jdbcType="INTEGER" />
    <result column="p_name" property="pName" jdbcType="VARCHAR" />
    <result column="p_coaltype" property="pCoaltype" jdbcType="INTEGER" />
    <result column="p_varieties" property="pVarieties" jdbcType="INTEGER" />
    <result column="p_measurementunit" property="pMeasurementunit" jdbcType="VARCHAR" />
    <result column="p_productionunit" property="pProductionunit" jdbcType="VARCHAR" />
    <result column="p_applicationrange" property="pApplicationrange" jdbcType="INTEGER" />
    <result column="p_availability" property="pAvailability" jdbcType="INTEGER" />
    <result column="Createdate" property="createdate" jdbcType="TIMESTAMP" />
    <result column="ModifyDate" property="modifydate" jdbcType="TIMESTAMP" />
    <result column="CreateBy" property="createby" jdbcType="VARCHAR" />
    <result column="ModifyBy" property="modifyby" jdbcType="VARCHAR" />
  </resultMap>
  <resultMap id="ResultMapWithBLOBs" type="com.xj.domain.base.BProducts" extends="BaseResultMap" >
    <result column="p_remark" property="pRemark" jdbcType="LONGVARCHAR" />
  </resultMap>
  <sql id="Example_Where_Clause" >
    <where >
      <foreach collection="oredCriteria" item="criteria" separator="or" >
        <if test="criteria.valid" >
          <trim prefix="(" suffix=")" prefixOverrides="and" >
            <foreach collection="criteria.criteria" item="criterion" >
              <choose >
                <when test="criterion.noValue" >
                  and ${criterion.condition}
                </when>
                <when test="criterion.singleValue" >
                  and ${criterion.condition} #{criterion.value}
                </when>
                <when test="criterion.betweenValue" >
                  and ${criterion.condition} #{criterion.value} and #{criterion.secondValue}
                </when>
                <when test="criterion.listValue" >
                  and ${criterion.condition}
                  <foreach collection="criterion.value" item="listItem" open="(" close=")" separator="," >
                    #{listItem}
                  </foreach>
                </when>
              </choose>
            </foreach>
          </trim>
        </if>
      </foreach>
    </where>
  </sql>
  <sql id="Update_By_Example_Where_Clause" >
    <where >
      <foreach collection="example.oredCriteria" item="criteria" separator="or" >
        <if test="criteria.valid" >
          <trim prefix="(" suffix=")" prefixOverrides="and" >
            <foreach collection="criteria.criteria" item="criterion" >
              <choose >
                <when test="criterion.noValue" >
                  and ${criterion.condition}
                </when>
                <when test="criterion.singleValue" >
                  and ${criterion.condition} #{criterion.value}
                </when>
                <when test="criterion.betweenValue" >
                  and ${criterion.condition} #{criterion.value} and #{criterion.secondValue}
                </when>
                <when test="criterion.listValue" >
                  and ${criterion.condition}
                  <foreach collection="criterion.value" item="listItem" open="(" close=")" separator="," >
                    #{listItem}
                  </foreach>
                </when>
              </choose>
            </foreach>
          </trim>
        </if>
      </foreach>
    </where>
  </sql>
  <sql id="Base_Column_List" >
    <if test="fields == null" >
      p_id, p_name, p_coaltype, p_varieties, p_measurementunit, p_productionunit, p_applicationrange, 
      p_availability, Createdate, ModifyDate, CreateBy, ModifyBy
    </if>
    <if test="fields != null" >
      ${fields}
    </if>
  </sql>
  <sql id="Blob_Column_List" >
    p_remark
  </sql>
  <select id="selectByExampleWithBLOBs" resultMap="ResultMapWithBLOBs" parameterType="com.xj.domain.base.BProductsQuery" >
    select
    <if test="distinct" >
      distinct
    </if>
    <include refid="Base_Column_List" />
    ,
    <include refid="Blob_Column_List" />
    from b_products
    <if test="_parameter != null" >
      <include refid="Example_Where_Clause" />
    </if>
    <if test="orderByClause != null" >
      order by ${orderByClause}
    </if>
  </select>
  <select id="selectByExample" resultMap="BaseResultMap" parameterType="com.xj.domain.base.BProductsQuery" >
    select
    <if test="distinct" >
      distinct
    </if>
    <include refid="Base_Column_List" />
    from b_products
    <if test="_parameter != null" >
      <include refid="Example_Where_Clause" />
    </if>
    <if test="orderByClause != null" >
      order by ${orderByClause}
    </if>
    <if test="startRow != null" >
      limit #{startRow} , #{pageSize}
    </if>
  </select>
  <select id="selectByPrimaryKey" resultMap="ResultMapWithBLOBs" parameterType="java.lang.Integer" >
    select 
    p_id,p_name,p_coaltype,p_varieties,p_measurementunit,p_productionunit,p_applicationrange,p_availability,Createdate,ModifyDate,CreateBy,ModifyBy,p_remark
    ,
    <include refid="Blob_Column_List" />
    from b_products
    where p_id = #{pId,jdbcType=INTEGER}
  </select>
  <delete id="deleteByPrimaryKey" parameterType="java.lang.Integer" >
    delete from b_products
    where p_id = #{pId,jdbcType=INTEGER}
  </delete>
  <delete id="deleteByExample" parameterType="com.xj.domain.base.BProductsQuery" >
    delete from b_products
    <if test="_parameter != null" >
      <include refid="Example_Where_Clause" />
    </if>
  </delete>
  <insert id="insert" parameterType="com.xj.domain.base.BProducts" >
    insert into b_products (p_id, p_name, p_coaltype, 
      p_varieties, p_measurementunit, p_productionunit, 
      p_applicationrange, p_availability, Createdate, 
      ModifyDate, CreateBy, ModifyBy, 
      p_remark)
    values (#{pId,jdbcType=INTEGER}, #{pName,jdbcType=VARCHAR}, #{pCoaltype,jdbcType=INTEGER}, 
      #{pVarieties,jdbcType=INTEGER}, #{pMeasurementunit,jdbcType=VARCHAR}, #{pProductionunit,jdbcType=VARCHAR}, 
      #{pApplicationrange,jdbcType=INTEGER}, #{pAvailability,jdbcType=INTEGER}, #{createdate,jdbcType=TIMESTAMP}, 
      #{modifydate,jdbcType=TIMESTAMP}, #{createby,jdbcType=VARCHAR}, #{modifyby,jdbcType=VARCHAR}, 
      #{pRemark,jdbcType=LONGVARCHAR})
  </insert>
  <insert id="insertSelective" parameterType="com.xj.domain.base.BProducts" >
    insert into b_products
    <trim prefix="(" suffix=")" suffixOverrides="," >
      <if test="pId != null" >
        p_id,
      </if>
      <if test="pName != null" >
        p_name,
      </if>
      <if test="pCoaltype != null" >
        p_coaltype,
      </if>
      <if test="pVarieties != null" >
        p_varieties,
      </if>
      <if test="pMeasurementunit != null" >
        p_measurementunit,
      </if>
      <if test="pProductionunit != null" >
        p_productionunit,
      </if>
      <if test="pApplicationrange != null" >
        p_applicationrange,
      </if>
      <if test="pAvailability != null" >
        p_availability,
      </if>
      <if test="createdate != null" >
        Createdate,
      </if>
      <if test="modifydate != null" >
        ModifyDate,
      </if>
      <if test="createby != null" >
        CreateBy,
      </if>
      <if test="modifyby != null" >
        ModifyBy,
      </if>
      <if test="pRemark != null" >
        p_remark,
      </if>
    </trim>
    <trim prefix="values (" suffix=")" suffixOverrides="," >
      <if test="pId != null" >
        #{pId,jdbcType=INTEGER},
      </if>
      <if test="pName != null" >
        #{pName,jdbcType=VARCHAR},
      </if>
      <if test="pCoaltype != null" >
        #{pCoaltype,jdbcType=INTEGER},
      </if>
      <if test="pVarieties != null" >
        #{pVarieties,jdbcType=INTEGER},
      </if>
      <if test="pMeasurementunit != null" >
        #{pMeasurementunit,jdbcType=VARCHAR},
      </if>
      <if test="pProductionunit != null" >
        #{pProductionunit,jdbcType=VARCHAR},
      </if>
      <if test="pApplicationrange != null" >
        #{pApplicationrange,jdbcType=INTEGER},
      </if>
      <if test="pAvailability != null" >
        #{pAvailability,jdbcType=INTEGER},
      </if>
      <if test="createdate != null" >
        #{createdate,jdbcType=TIMESTAMP},
      </if>
      <if test="modifydate != null" >
        #{modifydate,jdbcType=TIMESTAMP},
      </if>
      <if test="createby != null" >
        #{createby,jdbcType=VARCHAR},
      </if>
      <if test="modifyby != null" >
        #{modifyby,jdbcType=VARCHAR},
      </if>
      <if test="pRemark != null" >
        #{pRemark,jdbcType=LONGVARCHAR},
      </if>
    </trim>
  </insert>
  <select id="countByExample" parameterType="com.xj.domain.base.BProductsQuery" resultType="java.lang.Integer" >
    select count(*) from b_products
    <if test="_parameter != null" >
      <include refid="Example_Where_Clause" />
    </if>
  </select>
  <update id="updateByExampleSelective" parameterType="map" >
    update b_products
    <set >
      <if test="record.pId != null" >
        p_id = #{record.pId,jdbcType=INTEGER},
      </if>
      <if test="record.pName != null" >
        p_name = #{record.pName,jdbcType=VARCHAR},
      </if>
      <if test="record.pCoaltype != null" >
        p_coaltype = #{record.pCoaltype,jdbcType=INTEGER},
      </if>
      <if test="record.pVarieties != null" >
        p_varieties = #{record.pVarieties,jdbcType=INTEGER},
      </if>
      <if test="record.pMeasurementunit != null" >
        p_measurementunit = #{record.pMeasurementunit,jdbcType=VARCHAR},
      </if>
      <if test="record.pProductionunit != null" >
        p_productionunit = #{record.pProductionunit,jdbcType=VARCHAR},
      </if>
      <if test="record.pApplicationrange != null" >
        p_applicationrange = #{record.pApplicationrange,jdbcType=INTEGER},
      </if>
      <if test="record.pAvailability != null" >
        p_availability = #{record.pAvailability,jdbcType=INTEGER},
      </if>
      <if test="record.createdate != null" >
        Createdate = #{record.createdate,jdbcType=TIMESTAMP},
      </if>
      <if test="record.modifydate != null" >
        ModifyDate = #{record.modifydate,jdbcType=TIMESTAMP},
      </if>
      <if test="record.createby != null" >
        CreateBy = #{record.createby,jdbcType=VARCHAR},
      </if>
      <if test="record.modifyby != null" >
        ModifyBy = #{record.modifyby,jdbcType=VARCHAR},
      </if>
      <if test="record.pRemark != null" >
        p_remark = #{record.pRemark,jdbcType=LONGVARCHAR},
      </if>
    </set>
    <if test="_parameter != null" >
      <include refid="Update_By_Example_Where_Clause" />
    </if>
  </update>
  <update id="updateByExampleWithBLOBs" parameterType="map" >
    update b_products
    set p_id = #{record.pId,jdbcType=INTEGER},
      p_name = #{record.pName,jdbcType=VARCHAR},
      p_coaltype = #{record.pCoaltype,jdbcType=INTEGER},
      p_varieties = #{record.pVarieties,jdbcType=INTEGER},
      p_measurementunit = #{record.pMeasurementunit,jdbcType=VARCHAR},
      p_productionunit = #{record.pProductionunit,jdbcType=VARCHAR},
      p_applicationrange = #{record.pApplicationrange,jdbcType=INTEGER},
      p_availability = #{record.pAvailability,jdbcType=INTEGER},
      Createdate = #{record.createdate,jdbcType=TIMESTAMP},
      ModifyDate = #{record.modifydate,jdbcType=TIMESTAMP},
      CreateBy = #{record.createby,jdbcType=VARCHAR},
      ModifyBy = #{record.modifyby,jdbcType=VARCHAR},
      p_remark = #{record.pRemark,jdbcType=LONGVARCHAR}
    <if test="_parameter != null" >
      <include refid="Update_By_Example_Where_Clause" />
    </if>
  </update>
  <update id="updateByExample" parameterType="map" >
    update b_products
    set p_id = #{record.pId,jdbcType=INTEGER},
      p_name = #{record.pName,jdbcType=VARCHAR},
      p_coaltype = #{record.pCoaltype,jdbcType=INTEGER},
      p_varieties = #{record.pVarieties,jdbcType=INTEGER},
      p_measurementunit = #{record.pMeasurementunit,jdbcType=VARCHAR},
      p_productionunit = #{record.pProductionunit,jdbcType=VARCHAR},
      p_applicationrange = #{record.pApplicationrange,jdbcType=INTEGER},
      p_availability = #{record.pAvailability,jdbcType=INTEGER},
      Createdate = #{record.createdate,jdbcType=TIMESTAMP},
      ModifyDate = #{record.modifydate,jdbcType=TIMESTAMP},
      CreateBy = #{record.createby,jdbcType=VARCHAR},
      ModifyBy = #{record.modifyby,jdbcType=VARCHAR}
    <if test="_parameter != null" >
      <include refid="Update_By_Example_Where_Clause" />
    </if>
  </update>
  <update id="updateByPrimaryKeySelective" parameterType="com.xj.domain.base.BProducts" >
    update b_products
    <set >
      <if test="pName != null" >
        p_name = #{pName,jdbcType=VARCHAR},
      </if>
      <if test="pCoaltype != null" >
        p_coaltype = #{pCoaltype,jdbcType=INTEGER},
      </if>
      <if test="pVarieties != null" >
        p_varieties = #{pVarieties,jdbcType=INTEGER},
      </if>
      <if test="pMeasurementunit != null" >
        p_measurementunit = #{pMeasurementunit,jdbcType=VARCHAR},
      </if>
      <if test="pProductionunit != null" >
        p_productionunit = #{pProductionunit,jdbcType=VARCHAR},
      </if>
      <if test="pApplicationrange != null" >
        p_applicationrange = #{pApplicationrange,jdbcType=INTEGER},
      </if>
      <if test="pAvailability != null" >
        p_availability = #{pAvailability,jdbcType=INTEGER},
      </if>
      <if test="createdate != null" >
        Createdate = #{createdate,jdbcType=TIMESTAMP},
      </if>
      <if test="modifydate != null" >
        ModifyDate = #{modifydate,jdbcType=TIMESTAMP},
      </if>
      <if test="createby != null" >
        CreateBy = #{createby,jdbcType=VARCHAR},
      </if>
      <if test="modifyby != null" >
        ModifyBy = #{modifyby,jdbcType=VARCHAR},
      </if>
      <if test="pRemark != null" >
        p_remark = #{pRemark,jdbcType=LONGVARCHAR},
      </if>
    </set>
    where p_id = #{pId,jdbcType=INTEGER}
  </update>
  <update id="updateByPrimaryKeyWithBLOBs" parameterType="com.xj.domain.base.BProducts" >
    update b_products
    set p_name = #{pName,jdbcType=VARCHAR},
      p_coaltype = #{pCoaltype,jdbcType=INTEGER},
      p_varieties = #{pVarieties,jdbcType=INTEGER},
      p_measurementunit = #{pMeasurementunit,jdbcType=VARCHAR},
      p_productionunit = #{pProductionunit,jdbcType=VARCHAR},
      p_applicationrange = #{pApplicationrange,jdbcType=INTEGER},
      p_availability = #{pAvailability,jdbcType=INTEGER},
      Createdate = #{createdate,jdbcType=TIMESTAMP},
      ModifyDate = #{modifydate,jdbcType=TIMESTAMP},
      CreateBy = #{createby,jdbcType=VARCHAR},
      ModifyBy = #{modifyby,jdbcType=VARCHAR},
      p_remark = #{pRemark,jdbcType=LONGVARCHAR}
    where p_id = #{pId,jdbcType=INTEGER}
  </update>
  <update id="updateByPrimaryKey" parameterType="com.xj.domain.base.BProducts" >
    update b_products
    set p_name = #{pName,jdbcType=VARCHAR},
      p_coaltype = #{pCoaltype,jdbcType=INTEGER},
      p_varieties = #{pVarieties,jdbcType=INTEGER},
      p_measurementunit = #{pMeasurementunit,jdbcType=VARCHAR},
      p_productionunit = #{pProductionunit,jdbcType=VARCHAR},
      p_applicationrange = #{pApplicationrange,jdbcType=INTEGER},
      p_availability = #{pAvailability,jdbcType=INTEGER},
      Createdate = #{createdate,jdbcType=TIMESTAMP},
      ModifyDate = #{modifydate,jdbcType=TIMESTAMP},
      CreateBy = #{createby,jdbcType=VARCHAR},
      ModifyBy = #{modifyby,jdbcType=VARCHAR}
    where p_id = #{pId,jdbcType=INTEGER}
  </update>
</mapper>