<?xml version="1.0" encoding="UTF-8" ?>
<!DOCTYPE mapper PUBLIC "-//mybatis.org//DTD Mapper 3.0//EN" "http://mybatis.org/dtd/mybatis-3-mapper.dtd" >
<mapper namespace="com.xj.dao.BRailwaysubbureauDao" >
  <resultMap id="BaseResultMap" type="com.xj.domain.base.BRailwaysubbureau" >
    <id column="subbureau_id" property="subbureauId" jdbcType="INTEGER" />
    <result column="subbureau_name" property="subbureauName" jdbcType="VARCHAR" />
    <result column="subbureau_adminid" property="subbureauAdminid" jdbcType="INTEGER" />
    <result column="subbureau_iskey" property="subbureauIskey" jdbcType="TINYINT" />
    <result column="Createdate" property="createdate" jdbcType="TIMESTAMP" />
    <result column="ModifyDate" property="modifydate" jdbcType="TIMESTAMP" />
    <result column="CreateBy" property="createby" jdbcType="VARCHAR" />
    <result column="ModifyBy" property="modifyby" jdbcType="VARCHAR" />
  </resultMap>
  <resultMap id="ResultMapWithBLOBs" type="com.xj.domain.base.BRailwaysubbureau" extends="BaseResultMap" >
    <result column="subbureau_remark" property="subbureauRemark" jdbcType="LONGVARCHAR" />
  </resultMap>
  <sql id="Example_Where_Clause" >
    <where >
      <foreach collection="oredCriteria" item="criteria" separator="or" >
        <if test="criteria.valid" >
          <trim prefix="(" suffix=")" prefixOverrides="and" >
            <foreach collection="criteria.criteria" item="criterion" >
              <choose >
                <when test="criterion.noValue" >
                  and ${criterion.condition}
                </when>
                <when test="criterion.singleValue" >
                  and ${criterion.condition} #{criterion.value}
                </when>
                <when test="criterion.betweenValue" >
                  and ${criterion.condition} #{criterion.value} and #{criterion.secondValue}
                </when>
                <when test="criterion.listValue" >
                  and ${criterion.condition}
                  <foreach collection="criterion.value" item="listItem" open="(" close=")" separator="," >
                    #{listItem}
                  </foreach>
                </when>
              </choose>
            </foreach>
          </trim>
        </if>
      </foreach>
    </where>
  </sql>
  <sql id="Update_By_Example_Where_Clause" >
    <where >
      <foreach collection="example.oredCriteria" item="criteria" separator="or" >
        <if test="criteria.valid" >
          <trim prefix="(" suffix=")" prefixOverrides="and" >
            <foreach collection="criteria.criteria" item="criterion" >
              <choose >
                <when test="criterion.noValue" >
                  and ${criterion.condition}
                </when>
                <when test="criterion.singleValue" >
                  and ${criterion.condition} #{criterion.value}
                </when>
                <when test="criterion.betweenValue" >
                  and ${criterion.condition} #{criterion.value} and #{criterion.secondValue}
                </when>
                <when test="criterion.listValue" >
                  and ${criterion.condition}
                  <foreach collection="criterion.value" item="listItem" open="(" close=")" separator="," >
                    #{listItem}
                  </foreach>
                </when>
              </choose>
            </foreach>
          </trim>
        </if>
      </foreach>
    </where>
  </sql>
  <sql id="Base_Column_List" >
    <if test="fields == null" >
      subbureau_id, subbureau_name, subbureau_adminid, subbureau_iskey, Createdate, ModifyDate, 
      CreateBy, ModifyBy
    </if>
    <if test="fields != null" >
      ${fields}
    </if>
  </sql>
  <sql id="Blob_Column_List" >
    subbureau_remark
  </sql>
  <select id="selectByExampleWithBLOBs" resultMap="ResultMapWithBLOBs" parameterType="com.xj.domain.base.BRailwaysubbureauQuery" >
    select
    <if test="distinct" >
      distinct
    </if>
    <include refid="Base_Column_List" />
    ,
    <include refid="Blob_Column_List" />
    from b_railwaysubbureau
    <if test="_parameter != null" >
      <include refid="Example_Where_Clause" />
    </if>
    <if test="orderByClause != null" >
      order by ${orderByClause}
    </if>
  </select>
  <select id="selectByExample" resultMap="BaseResultMap" parameterType="com.xj.domain.base.BRailwaysubbureauQuery" >
    select
    <if test="distinct" >
      distinct
    </if>
    <include refid="Base_Column_List" />
    from b_railwaysubbureau
    <if test="_parameter != null" >
      <include refid="Example_Where_Clause" />
    </if>
    <if test="orderByClause != null" >
      order by ${orderByClause}
    </if>
    <if test="startRow != null" >
      limit #{startRow} , #{pageSize}
    </if>
  </select>
  <select id="selectByPrimaryKey" resultMap="ResultMapWithBLOBs" parameterType="java.lang.Integer" >
    select 
    subbureau_id,subbureau_name,subbureau_adminid,subbureau_iskey,Createdate,ModifyDate,CreateBy,ModifyBy,subbureau_remark
    ,
    <include refid="Blob_Column_List" />
    from b_railwaysubbureau
    where subbureau_id = #{subbureauId,jdbcType=INTEGER}
  </select>
  <delete id="deleteByPrimaryKey" parameterType="java.lang.Integer" >
    delete from b_railwaysubbureau
    where subbureau_id = #{subbureauId,jdbcType=INTEGER}
  </delete>
  <delete id="deleteByExample" parameterType="com.xj.domain.base.BRailwaysubbureauQuery" >
    delete from b_railwaysubbureau
    <if test="_parameter != null" >
      <include refid="Example_Where_Clause" />
    </if>
  </delete>
  <insert id="insert" parameterType="com.xj.domain.base.BRailwaysubbureau" >
    insert into b_railwaysubbureau (subbureau_id, subbureau_name, subbureau_adminid, 
      subbureau_iskey, Createdate, ModifyDate, 
      CreateBy, ModifyBy, subbureau_remark
      )
    values (#{subbureauId,jdbcType=INTEGER}, #{subbureauName,jdbcType=VARCHAR}, #{subbureauAdminid,jdbcType=INTEGER}, 
      #{subbureauIskey,jdbcType=TINYINT}, #{createdate,jdbcType=TIMESTAMP}, #{modifydate,jdbcType=TIMESTAMP}, 
      #{createby,jdbcType=VARCHAR}, #{modifyby,jdbcType=VARCHAR}, #{subbureauRemark,jdbcType=LONGVARCHAR}
      )
  </insert>
  <insert id="insertSelective" parameterType="com.xj.domain.base.BRailwaysubbureau" >
    insert into b_railwaysubbureau
    <trim prefix="(" suffix=")" suffixOverrides="," >
      <if test="subbureauId != null" >
        subbureau_id,
      </if>
      <if test="subbureauName != null" >
        subbureau_name,
      </if>
      <if test="subbureauAdminid != null" >
        subbureau_adminid,
      </if>
      <if test="subbureauIskey != null" >
        subbureau_iskey,
      </if>
      <if test="createdate != null" >
        Createdate,
      </if>
      <if test="modifydate != null" >
        ModifyDate,
      </if>
      <if test="createby != null" >
        CreateBy,
      </if>
      <if test="modifyby != null" >
        ModifyBy,
      </if>
      <if test="subbureauRemark != null" >
        subbureau_remark,
      </if>
    </trim>
    <trim prefix="values (" suffix=")" suffixOverrides="," >
      <if test="subbureauId != null" >
        #{subbureauId,jdbcType=INTEGER},
      </if>
      <if test="subbureauName != null" >
        #{subbureauName,jdbcType=VARCHAR},
      </if>
      <if test="subbureauAdminid != null" >
        #{subbureauAdminid,jdbcType=INTEGER},
      </if>
      <if test="subbureauIskey != null" >
        #{subbureauIskey,jdbcType=TINYINT},
      </if>
      <if test="createdate != null" >
        #{createdate,jdbcType=TIMESTAMP},
      </if>
      <if test="modifydate != null" >
        #{modifydate,jdbcType=TIMESTAMP},
      </if>
      <if test="createby != null" >
        #{createby,jdbcType=VARCHAR},
      </if>
      <if test="modifyby != null" >
        #{modifyby,jdbcType=VARCHAR},
      </if>
      <if test="subbureauRemark != null" >
        #{subbureauRemark,jdbcType=LONGVARCHAR},
      </if>
    </trim>
  </insert>
  <select id="countByExample" parameterType="com.xj.domain.base.BRailwaysubbureauQuery" resultType="java.lang.Integer" >
    select count(*) from b_railwaysubbureau
    <if test="_parameter != null" >
      <include refid="Example_Where_Clause" />
    </if>
  </select>
  <update id="updateByExampleSelective" parameterType="map" >
    update b_railwaysubbureau
    <set >
      <if test="record.subbureauId != null" >
        subbureau_id = #{record.subbureauId,jdbcType=INTEGER},
      </if>
      <if test="record.subbureauName != null" >
        subbureau_name = #{record.subbureauName,jdbcType=VARCHAR},
      </if>
      <if test="record.subbureauAdminid != null" >
        subbureau_adminid = #{record.subbureauAdminid,jdbcType=INTEGER},
      </if>
      <if test="record.subbureauIskey != null" >
        subbureau_iskey = #{record.subbureauIskey,jdbcType=TINYINT},
      </if>
      <if test="record.createdate != null" >
        Createdate = #{record.createdate,jdbcType=TIMESTAMP},
      </if>
      <if test="record.modifydate != null" >
        ModifyDate = #{record.modifydate,jdbcType=TIMESTAMP},
      </if>
      <if test="record.createby != null" >
        CreateBy = #{record.createby,jdbcType=VARCHAR},
      </if>
      <if test="record.modifyby != null" >
        ModifyBy = #{record.modifyby,jdbcType=VARCHAR},
      </if>
      <if test="record.subbureauRemark != null" >
        subbureau_remark = #{record.subbureauRemark,jdbcType=LONGVARCHAR},
      </if>
    </set>
    <if test="_parameter != null" >
      <include refid="Update_By_Example_Where_Clause" />
    </if>
  </update>
  <update id="updateByExampleWithBLOBs" parameterType="map" >
    update b_railwaysubbureau
    set subbureau_id = #{record.subbureauId,jdbcType=INTEGER},
      subbureau_name = #{record.subbureauName,jdbcType=VARCHAR},
      subbureau_adminid = #{record.subbureauAdminid,jdbcType=INTEGER},
      subbureau_iskey = #{record.subbureauIskey,jdbcType=TINYINT},
      Createdate = #{record.createdate,jdbcType=TIMESTAMP},
      ModifyDate = #{record.modifydate,jdbcType=TIMESTAMP},
      CreateBy = #{record.createby,jdbcType=VARCHAR},
      ModifyBy = #{record.modifyby,jdbcType=VARCHAR},
      subbureau_remark = #{record.subbureauRemark,jdbcType=LONGVARCHAR}
    <if test="_parameter != null" >
      <include refid="Update_By_Example_Where_Clause" />
    </if>
  </update>
  <update id="updateByExample" parameterType="map" >
    update b_railwaysubbureau
    set subbureau_id = #{record.subbureauId,jdbcType=INTEGER},
      subbureau_name = #{record.subbureauName,jdbcType=VARCHAR},
      subbureau_adminid = #{record.subbureauAdminid,jdbcType=INTEGER},
      subbureau_iskey = #{record.subbureauIskey,jdbcType=TINYINT},
      Createdate = #{record.createdate,jdbcType=TIMESTAMP},
      ModifyDate = #{record.modifydate,jdbcType=TIMESTAMP},
      CreateBy = #{record.createby,jdbcType=VARCHAR},
      ModifyBy = #{record.modifyby,jdbcType=VARCHAR}
    <if test="_parameter != null" >
      <include refid="Update_By_Example_Where_Clause" />
    </if>
  </update>
  <update id="updateByPrimaryKeySelective" parameterType="com.xj.domain.base.BRailwaysubbureau" >
    update b_railwaysubbureau
    <set >
      <if test="subbureauName != null" >
        subbureau_name = #{subbureauName,jdbcType=VARCHAR},
      </if>
      <if test="subbureauAdminid != null" >
        subbureau_adminid = #{subbureauAdminid,jdbcType=INTEGER},
      </if>
      <if test="subbureauIskey != null" >
        subbureau_iskey = #{subbureauIskey,jdbcType=TINYINT},
      </if>
      <if test="createdate != null" >
        Createdate = #{createdate,jdbcType=TIMESTAMP},
      </if>
      <if test="modifydate != null" >
        ModifyDate = #{modifydate,jdbcType=TIMESTAMP},
      </if>
      <if test="createby != null" >
        CreateBy = #{createby,jdbcType=VARCHAR},
      </if>
      <if test="modifyby != null" >
        ModifyBy = #{modifyby,jdbcType=VARCHAR},
      </if>
      <if test="subbureauRemark != null" >
        subbureau_remark = #{subbureauRemark,jdbcType=LONGVARCHAR},
      </if>
    </set>
    where subbureau_id = #{subbureauId,jdbcType=INTEGER}
  </update>
  <update id="updateByPrimaryKeyWithBLOBs" parameterType="com.xj.domain.base.BRailwaysubbureau" >
    update b_railwaysubbureau
    set subbureau_name = #{subbureauName,jdbcType=VARCHAR},
      subbureau_adminid = #{subbureauAdminid,jdbcType=INTEGER},
      subbureau_iskey = #{subbureauIskey,jdbcType=TINYINT},
      Createdate = #{createdate,jdbcType=TIMESTAMP},
      ModifyDate = #{modifydate,jdbcType=TIMESTAMP},
      CreateBy = #{createby,jdbcType=VARCHAR},
      ModifyBy = #{modifyby,jdbcType=VARCHAR},
      subbureau_remark = #{subbureauRemark,jdbcType=LONGVARCHAR}
    where subbureau_id = #{subbureauId,jdbcType=INTEGER}
  </update>
  <update id="updateByPrimaryKey" parameterType="com.xj.domain.base.BRailwaysubbureau" >
    update b_railwaysubbureau
    set subbureau_name = #{subbureauName,jdbcType=VARCHAR},
      subbureau_adminid = #{subbureauAdminid,jdbcType=INTEGER},
      subbureau_iskey = #{subbureauIskey,jdbcType=TINYINT},
      Createdate = #{createdate,jdbcType=TIMESTAMP},
      ModifyDate = #{modifydate,jdbcType=TIMESTAMP},
      CreateBy = #{createby,jdbcType=VARCHAR},
      ModifyBy = #{modifyby,jdbcType=VARCHAR}
    where subbureau_id = #{subbureauId,jdbcType=INTEGER}
  </update>
</mapper>