<?xml version="1.0" encoding="UTF-8" ?>
<!DOCTYPE mapper PUBLIC "-//mybatis.org//DTD Mapper 3.0//EN" "http://mybatis.org/dtd/mybatis-3-mapper.dtd" >
<mapper namespace="com.xj.dao.BRailwaywagonsysDao" >
  <resultMap id="BaseResultMap" type="com.xj.domain.base.BRailwaywagonsys" >
    <id column="rw_id" property="rwId" jdbcType="VARCHAR" />
    <result column="rw_start" property="rwStart" jdbcType="INTEGER" />
    <result column="rw_snum" property="rwSnum" jdbcType="INTEGER" />
    <result column="rw_type" property="rwType" jdbcType="TINYINT" />
    <result column="rw_weight" property="rwWeight" jdbcType="REAL" />
    <result column="rw_self" property="rwSelf" jdbcType="REAL" />
  </resultMap>
  <resultMap id="ResultMapWithBLOBs" type="com.xj.domain.base.BRailwaywagonsys" extends="BaseResultMap" >
    <result column="rw_remark" property="rwRemark" jdbcType="LONGVARCHAR" />
  </resultMap>
  <sql id="Example_Where_Clause" >
    <where >
      <foreach collection="oredCriteria" item="criteria" separator="or" >
        <if test="criteria.valid" >
          <trim prefix="(" suffix=")" prefixOverrides="and" >
            <foreach collection="criteria.criteria" item="criterion" >
              <choose >
                <when test="criterion.noValue" >
                  and ${criterion.condition}
                </when>
                <when test="criterion.singleValue" >
                  and ${criterion.condition} #{criterion.value}
                </when>
                <when test="criterion.betweenValue" >
                  and ${criterion.condition} #{criterion.value} and #{criterion.secondValue}
                </when>
                <when test="criterion.listValue" >
                  and ${criterion.condition}
                  <foreach collection="criterion.value" item="listItem" open="(" close=")" separator="," >
                    #{listItem}
                  </foreach>
                </when>
              </choose>
            </foreach>
          </trim>
        </if>
      </foreach>
    </where>
  </sql>
  <sql id="Update_By_Example_Where_Clause" >
    <where >
      <foreach collection="example.oredCriteria" item="criteria" separator="or" >
        <if test="criteria.valid" >
          <trim prefix="(" suffix=")" prefixOverrides="and" >
            <foreach collection="criteria.criteria" item="criterion" >
              <choose >
                <when test="criterion.noValue" >
                  and ${criterion.condition}
                </when>
                <when test="criterion.singleValue" >
                  and ${criterion.condition} #{criterion.value}
                </when>
                <when test="criterion.betweenValue" >
                  and ${criterion.condition} #{criterion.value} and #{criterion.secondValue}
                </when>
                <when test="criterion.listValue" >
                  and ${criterion.condition}
                  <foreach collection="criterion.value" item="listItem" open="(" close=")" separator="," >
                    #{listItem}
                  </foreach>
                </when>
              </choose>
            </foreach>
          </trim>
        </if>
      </foreach>
    </where>
  </sql>
  <sql id="Base_Column_List" >
    <if test="fields == null" >
      rw_id, rw_start, rw_snum, rw_type, rw_weight, rw_self
    </if>
    <if test="fields != null" >
      ${fields}
    </if>
  </sql>
  <sql id="Blob_Column_List" >
    rw_remark
  </sql>
  <select id="selectByExampleWithBLOBs" resultMap="ResultMapWithBLOBs" parameterType="com.xj.domain.base.BRailwaywagonsysQuery" >
    select
    <if test="distinct" >
      distinct
    </if>
    <include refid="Base_Column_List" />
    ,
    <include refid="Blob_Column_List" />
    from b_railwaywagonsys
    <if test="_parameter != null" >
      <include refid="Example_Where_Clause" />
    </if>
    <if test="orderByClause != null" >
      order by ${orderByClause}
    </if>
  </select>
  <select id="selectByExample" resultMap="BaseResultMap" parameterType="com.xj.domain.base.BRailwaywagonsysQuery" >
    select
    <if test="distinct" >
      distinct
    </if>
    <include refid="Base_Column_List" />
    from b_railwaywagonsys
    <if test="_parameter != null" >
      <include refid="Example_Where_Clause" />
    </if>
    <if test="orderByClause != null" >
      order by ${orderByClause}
    </if>
    <if test="startRow != null" >
      limit #{startRow} , #{pageSize}
    </if>
  </select>
  <select id="selectByPrimaryKey" resultMap="ResultMapWithBLOBs" parameterType="java.lang.String" >
    select 
    rw_id,rw_start,rw_snum,rw_type,rw_weight,rw_self,rw_remark
    ,
    <include refid="Blob_Column_List" />
    from b_railwaywagonsys
    where rw_id = #{rwId,jdbcType=VARCHAR}
  </select>
  <delete id="deleteByPrimaryKey" parameterType="java.lang.String" >
    delete from b_railwaywagonsys
    where rw_id = #{rwId,jdbcType=VARCHAR}
  </delete>
  <delete id="deleteByExample" parameterType="com.xj.domain.base.BRailwaywagonsysQuery" >
    delete from b_railwaywagonsys
    <if test="_parameter != null" >
      <include refid="Example_Where_Clause" />
    </if>
  </delete>
  <insert id="insert" parameterType="com.xj.domain.base.BRailwaywagonsys" >
    insert into b_railwaywagonsys (rw_id, rw_start, rw_snum, 
      rw_type, rw_weight, rw_self, 
      rw_remark)
    values (#{rwId,jdbcType=VARCHAR}, #{rwStart,jdbcType=INTEGER}, #{rwSnum,jdbcType=INTEGER}, 
      #{rwType,jdbcType=TINYINT}, #{rwWeight,jdbcType=REAL}, #{rwSelf,jdbcType=REAL}, 
      #{rwRemark,jdbcType=LONGVARCHAR})
  </insert>
  <insert id="insertSelective" parameterType="com.xj.domain.base.BRailwaywagonsys" >
    insert into b_railwaywagonsys
    <trim prefix="(" suffix=")" suffixOverrides="," >
      <if test="rwId != null" >
        rw_id,
      </if>
      <if test="rwStart != null" >
        rw_start,
      </if>
      <if test="rwSnum != null" >
        rw_snum,
      </if>
      <if test="rwType != null" >
        rw_type,
      </if>
      <if test="rwWeight != null" >
        rw_weight,
      </if>
      <if test="rwSelf != null" >
        rw_self,
      </if>
      <if test="rwRemark != null" >
        rw_remark,
      </if>
    </trim>
    <trim prefix="values (" suffix=")" suffixOverrides="," >
      <if test="rwId != null" >
        #{rwId,jdbcType=VARCHAR},
      </if>
      <if test="rwStart != null" >
        #{rwStart,jdbcType=INTEGER},
      </if>
      <if test="rwSnum != null" >
        #{rwSnum,jdbcType=INTEGER},
      </if>
      <if test="rwType != null" >
        #{rwType,jdbcType=TINYINT},
      </if>
      <if test="rwWeight != null" >
        #{rwWeight,jdbcType=REAL},
      </if>
      <if test="rwSelf != null" >
        #{rwSelf,jdbcType=REAL},
      </if>
      <if test="rwRemark != null" >
        #{rwRemark,jdbcType=LONGVARCHAR},
      </if>
    </trim>
  </insert>
  <select id="countByExample" parameterType="com.xj.domain.base.BRailwaywagonsysQuery" resultType="java.lang.Integer" >
    select count(*) from b_railwaywagonsys
    <if test="_parameter != null" >
      <include refid="Example_Where_Clause" />
    </if>
  </select>
  <update id="updateByExampleSelective" parameterType="map" >
    update b_railwaywagonsys
    <set >
      <if test="record.rwId != null" >
        rw_id = #{record.rwId,jdbcType=VARCHAR},
      </if>
      <if test="record.rwStart != null" >
        rw_start = #{record.rwStart,jdbcType=INTEGER},
      </if>
      <if test="record.rwSnum != null" >
        rw_snum = #{record.rwSnum,jdbcType=INTEGER},
      </if>
      <if test="record.rwType != null" >
        rw_type = #{record.rwType,jdbcType=TINYINT},
      </if>
      <if test="record.rwWeight != null" >
        rw_weight = #{record.rwWeight,jdbcType=REAL},
      </if>
      <if test="record.rwSelf != null" >
        rw_self = #{record.rwSelf,jdbcType=REAL},
      </if>
      <if test="record.rwRemark != null" >
        rw_remark = #{record.rwRemark,jdbcType=LONGVARCHAR},
      </if>
    </set>
    <if test="_parameter != null" >
      <include refid="Update_By_Example_Where_Clause" />
    </if>
  </update>
  <update id="updateByExampleWithBLOBs" parameterType="map" >
    update b_railwaywagonsys
    set rw_id = #{record.rwId,jdbcType=VARCHAR},
      rw_start = #{record.rwStart,jdbcType=INTEGER},
      rw_snum = #{record.rwSnum,jdbcType=INTEGER},
      rw_type = #{record.rwType,jdbcType=TINYINT},
      rw_weight = #{record.rwWeight,jdbcType=REAL},
      rw_self = #{record.rwSelf,jdbcType=REAL},
      rw_remark = #{record.rwRemark,jdbcType=LONGVARCHAR}
    <if test="_parameter != null" >
      <include refid="Update_By_Example_Where_Clause" />
    </if>
  </update>
  <update id="updateByExample" parameterType="map" >
    update b_railwaywagonsys
    set rw_id = #{record.rwId,jdbcType=VARCHAR},
      rw_start = #{record.rwStart,jdbcType=INTEGER},
      rw_snum = #{record.rwSnum,jdbcType=INTEGER},
      rw_type = #{record.rwType,jdbcType=TINYINT},
      rw_weight = #{record.rwWeight,jdbcType=REAL},
      rw_self = #{record.rwSelf,jdbcType=REAL}
    <if test="_parameter != null" >
      <include refid="Update_By_Example_Where_Clause" />
    </if>
  </update>
  <update id="updateByPrimaryKeySelective" parameterType="com.xj.domain.base.BRailwaywagonsys" >
    update b_railwaywagonsys
    <set >
      <if test="rwStart != null" >
        rw_start = #{rwStart,jdbcType=INTEGER},
      </if>
      <if test="rwSnum != null" >
        rw_snum = #{rwSnum,jdbcType=INTEGER},
      </if>
      <if test="rwType != null" >
        rw_type = #{rwType,jdbcType=TINYINT},
      </if>
      <if test="rwWeight != null" >
        rw_weight = #{rwWeight,jdbcType=REAL},
      </if>
      <if test="rwSelf != null" >
        rw_self = #{rwSelf,jdbcType=REAL},
      </if>
      <if test="rwRemark != null" >
        rw_remark = #{rwRemark,jdbcType=LONGVARCHAR},
      </if>
    </set>
    where rw_id = #{rwId,jdbcType=VARCHAR}
  </update>
  <update id="updateByPrimaryKeyWithBLOBs" parameterType="com.xj.domain.base.BRailwaywagonsys" >
    update b_railwaywagonsys
    set rw_start = #{rwStart,jdbcType=INTEGER},
      rw_snum = #{rwSnum,jdbcType=INTEGER},
      rw_type = #{rwType,jdbcType=TINYINT},
      rw_weight = #{rwWeight,jdbcType=REAL},
      rw_self = #{rwSelf,jdbcType=REAL},
      rw_remark = #{rwRemark,jdbcType=LONGVARCHAR}
    where rw_id = #{rwId,jdbcType=VARCHAR}
  </update>
  <update id="updateByPrimaryKey" parameterType="com.xj.domain.base.BRailwaywagonsys" >
    update b_railwaywagonsys
    set rw_start = #{rwStart,jdbcType=INTEGER},
      rw_snum = #{rwSnum,jdbcType=INTEGER},
      rw_type = #{rwType,jdbcType=TINYINT},
      rw_weight = #{rwWeight,jdbcType=REAL},
      rw_self = #{rwSelf,jdbcType=REAL}
    where rw_id = #{rwId,jdbcType=VARCHAR}
  </update>
</mapper>