<?xml version="1.0" encoding="UTF-8" ?>
<!DOCTYPE mapper PUBLIC "-//mybatis.org//DTD Mapper 3.0//EN" "http://mybatis.org/dtd/mybatis-3-mapper.dtd" >
<mapper namespace="com.xj.dao.BStationDao" >
  <resultMap id="BaseResultMap" type="com.xj.domain.base.BStation" >
    <id column="s_id" property="sId" jdbcType="INTEGER" />
    <result column="s_sort" property="sSort" jdbcType="VARCHAR" />
    <result column="s_name" property="sName" jdbcType="VARCHAR" />
    <result column="s_departurestation" property="sDeparturestation" jdbcType="INTEGER" />
    <result column="s_railwaystation" property="sRailwaystation" jdbcType="INTEGER" />
    <result column="s_province" property="sProvince" jdbcType="INTEGER" />
    <result column="s_city" property="sCity" jdbcType="VARCHAR" />
    <result column="s_mileage" property="sMileage" jdbcType="INTEGER" />
    <result column="s_freight" property="sFreight" jdbcType="INTEGER" />
    <result column="s_railwaysbureau" property="sRailwaysbureau" jdbcType="INTEGER" />
    <result column="s_mouth" property="sMouth" jdbcType="INTEGER" />
    <result column="Createdate" property="createdate" jdbcType="TIMESTAMP" />
    <result column="ModifyDate" property="modifydate" jdbcType="TIMESTAMP" />
    <result column="CreateBy" property="createby" jdbcType="VARCHAR" />
    <result column="ModifyBy" property="modifyby" jdbcType="VARCHAR" />
  </resultMap>
  <resultMap id="ResultMapWithBLOBs" type="com.xj.domain.base.BStation" extends="BaseResultMap" >
    <result column="s_remark" property="sRemark" jdbcType="LONGVARCHAR" />
  </resultMap>
  <sql id="Example_Where_Clause" >
    <where >
      <foreach collection="oredCriteria" item="criteria" separator="or" >
        <if test="criteria.valid" >
          <trim prefix="(" suffix=")" prefixOverrides="and" >
            <foreach collection="criteria.criteria" item="criterion" >
              <choose >
                <when test="criterion.noValue" >
                  and ${criterion.condition}
                </when>
                <when test="criterion.singleValue" >
                  and ${criterion.condition} #{criterion.value}
                </when>
                <when test="criterion.betweenValue" >
                  and ${criterion.condition} #{criterion.value} and #{criterion.secondValue}
                </when>
                <when test="criterion.listValue" >
                  and ${criterion.condition}
                  <foreach collection="criterion.value" item="listItem" open="(" close=")" separator="," >
                    #{listItem}
                  </foreach>
                </when>
              </choose>
            </foreach>
          </trim>
        </if>
      </foreach>
    </where>
  </sql>
  <sql id="Update_By_Example_Where_Clause" >
    <where >
      <foreach collection="example.oredCriteria" item="criteria" separator="or" >
        <if test="criteria.valid" >
          <trim prefix="(" suffix=")" prefixOverrides="and" >
            <foreach collection="criteria.criteria" item="criterion" >
              <choose >
                <when test="criterion.noValue" >
                  and ${criterion.condition}
                </when>
                <when test="criterion.singleValue" >
                  and ${criterion.condition} #{criterion.value}
                </when>
                <when test="criterion.betweenValue" >
                  and ${criterion.condition} #{criterion.value} and #{criterion.secondValue}
                </when>
                <when test="criterion.listValue" >
                  and ${criterion.condition}
                  <foreach collection="criterion.value" item="listItem" open="(" close=")" separator="," >
                    #{listItem}
                  </foreach>
                </when>
              </choose>
            </foreach>
          </trim>
        </if>
      </foreach>
    </where>
  </sql>
  <sql id="Base_Column_List" >
    <if test="fields == null" >
      s_id, s_sort, s_name, s_departurestation, s_railwaystation, s_province, s_city, s_mileage, 
      s_freight, s_railwaysbureau, s_mouth, Createdate, ModifyDate, CreateBy, ModifyBy
    </if>
    <if test="fields != null" >
      ${fields}
    </if>
  </sql>
  <sql id="Blob_Column_List" >
    s_remark
  </sql>
  <select id="selectByExampleWithBLOBs" resultMap="ResultMapWithBLOBs" parameterType="com.xj.domain.base.BStationQuery" >
    select
    <if test="distinct" >
      distinct
    </if>
    <include refid="Base_Column_List" />
    ,
    <include refid="Blob_Column_List" />
    from b_station
    <if test="_parameter != null" >
      <include refid="Example_Where_Clause" />
    </if>
    <if test="orderByClause != null" >
      order by ${orderByClause}
    </if>
  </select>
  <select id="selectByExample" resultMap="BaseResultMap" parameterType="com.xj.domain.base.BStationQuery" >
    select
    <if test="distinct" >
      distinct
    </if>
    <include refid="Base_Column_List" />
    from b_station
    <if test="_parameter != null" >
      <include refid="Example_Where_Clause" />
    </if>
    <if test="orderByClause != null" >
      order by ${orderByClause}
    </if>
    <if test="startRow != null" >
      limit #{startRow} , #{pageSize}
    </if>
  </select>
  <select id="selectByPrimaryKey" resultMap="ResultMapWithBLOBs" parameterType="java.lang.Integer" >
    select 
    s_id,s_sort,s_name,s_departurestation,s_railwaystation,s_province,s_city,s_mileage,s_freight,s_railwaysbureau,s_mouth,Createdate,ModifyDate,CreateBy,ModifyBy,s_remark
    ,
    <include refid="Blob_Column_List" />
    from b_station
    where s_id = #{sId,jdbcType=INTEGER}
  </select>
  <delete id="deleteByPrimaryKey" parameterType="java.lang.Integer" >
    delete from b_station
    where s_id = #{sId,jdbcType=INTEGER}
  </delete>
  <delete id="deleteByExample" parameterType="com.xj.domain.base.BStationQuery" >
    delete from b_station
    <if test="_parameter != null" >
      <include refid="Example_Where_Clause" />
    </if>
  </delete>
  <insert id="insert" parameterType="com.xj.domain.base.BStation" >
    insert into b_station (s_id, s_sort, s_name, 
      s_departurestation, s_railwaystation, s_province, 
      s_city, s_mileage, s_freight, 
      s_railwaysbureau, s_mouth, Createdate, 
      ModifyDate, CreateBy, ModifyBy, 
      s_remark)
    values (#{sId,jdbcType=INTEGER}, #{sSort,jdbcType=VARCHAR}, #{sName,jdbcType=VARCHAR}, 
      #{sDeparturestation,jdbcType=INTEGER}, #{sRailwaystation,jdbcType=INTEGER}, #{sProvince,jdbcType=INTEGER}, 
      #{sCity,jdbcType=VARCHAR}, #{sMileage,jdbcType=INTEGER}, #{sFreight,jdbcType=INTEGER}, 
      #{sRailwaysbureau,jdbcType=INTEGER}, #{sMouth,jdbcType=INTEGER}, #{createdate,jdbcType=TIMESTAMP}, 
      #{modifydate,jdbcType=TIMESTAMP}, #{createby,jdbcType=VARCHAR}, #{modifyby,jdbcType=VARCHAR}, 
      #{sRemark,jdbcType=LONGVARCHAR})
  </insert>
  <insert id="insertSelective" parameterType="com.xj.domain.base.BStation" >
    insert into b_station
    <trim prefix="(" suffix=")" suffixOverrides="," >
      <if test="sId != null" >
        s_id,
      </if>
      <if test="sSort != null" >
        s_sort,
      </if>
      <if test="sName != null" >
        s_name,
      </if>
      <if test="sDeparturestation != null" >
        s_departurestation,
      </if>
      <if test="sRailwaystation != null" >
        s_railwaystation,
      </if>
      <if test="sProvince != null" >
        s_province,
      </if>
      <if test="sCity != null" >
        s_city,
      </if>
      <if test="sMileage != null" >
        s_mileage,
      </if>
      <if test="sFreight != null" >
        s_freight,
      </if>
      <if test="sRailwaysbureau != null" >
        s_railwaysbureau,
      </if>
      <if test="sMouth != null" >
        s_mouth,
      </if>
      <if test="createdate != null" >
        Createdate,
      </if>
      <if test="modifydate != null" >
        ModifyDate,
      </if>
      <if test="createby != null" >
        CreateBy,
      </if>
      <if test="modifyby != null" >
        ModifyBy,
      </if>
      <if test="sRemark != null" >
        s_remark,
      </if>
    </trim>
    <trim prefix="values (" suffix=")" suffixOverrides="," >
      <if test="sId != null" >
        #{sId,jdbcType=INTEGER},
      </if>
      <if test="sSort != null" >
        #{sSort,jdbcType=VARCHAR},
      </if>
      <if test="sName != null" >
        #{sName,jdbcType=VARCHAR},
      </if>
      <if test="sDeparturestation != null" >
        #{sDeparturestation,jdbcType=INTEGER},
      </if>
      <if test="sRailwaystation != null" >
        #{sRailwaystation,jdbcType=INTEGER},
      </if>
      <if test="sProvince != null" >
        #{sProvince,jdbcType=INTEGER},
      </if>
      <if test="sCity != null" >
        #{sCity,jdbcType=VARCHAR},
      </if>
      <if test="sMileage != null" >
        #{sMileage,jdbcType=INTEGER},
      </if>
      <if test="sFreight != null" >
        #{sFreight,jdbcType=INTEGER},
      </if>
      <if test="sRailwaysbureau != null" >
        #{sRailwaysbureau,jdbcType=INTEGER},
      </if>
      <if test="sMouth != null" >
        #{sMouth,jdbcType=INTEGER},
      </if>
      <if test="createdate != null" >
        #{createdate,jdbcType=TIMESTAMP},
      </if>
      <if test="modifydate != null" >
        #{modifydate,jdbcType=TIMESTAMP},
      </if>
      <if test="createby != null" >
        #{createby,jdbcType=VARCHAR},
      </if>
      <if test="modifyby != null" >
        #{modifyby,jdbcType=VARCHAR},
      </if>
      <if test="sRemark != null" >
        #{sRemark,jdbcType=LONGVARCHAR},
      </if>
    </trim>
  </insert>
  <select id="countByExample" parameterType="com.xj.domain.base.BStationQuery" resultType="java.lang.Integer" >
    select count(*) from b_station
    <if test="_parameter != null" >
      <include refid="Example_Where_Clause" />
    </if>
  </select>
  <update id="updateByExampleSelective" parameterType="map" >
    update b_station
    <set >
      <if test="record.sId != null" >
        s_id = #{record.sId,jdbcType=INTEGER},
      </if>
      <if test="record.sSort != null" >
        s_sort = #{record.sSort,jdbcType=VARCHAR},
      </if>
      <if test="record.sName != null" >
        s_name = #{record.sName,jdbcType=VARCHAR},
      </if>
      <if test="record.sDeparturestation != null" >
        s_departurestation = #{record.sDeparturestation,jdbcType=INTEGER},
      </if>
      <if test="record.sRailwaystation != null" >
        s_railwaystation = #{record.sRailwaystation,jdbcType=INTEGER},
      </if>
      <if test="record.sProvince != null" >
        s_province = #{record.sProvince,jdbcType=INTEGER},
      </if>
      <if test="record.sCity != null" >
        s_city = #{record.sCity,jdbcType=VARCHAR},
      </if>
      <if test="record.sMileage != null" >
        s_mileage = #{record.sMileage,jdbcType=INTEGER},
      </if>
      <if test="record.sFreight != null" >
        s_freight = #{record.sFreight,jdbcType=INTEGER},
      </if>
      <if test="record.sRailwaysbureau != null" >
        s_railwaysbureau = #{record.sRailwaysbureau,jdbcType=INTEGER},
      </if>
      <if test="record.sMouth != null" >
        s_mouth = #{record.sMouth,jdbcType=INTEGER},
      </if>
      <if test="record.createdate != null" >
        Createdate = #{record.createdate,jdbcType=TIMESTAMP},
      </if>
      <if test="record.modifydate != null" >
        ModifyDate = #{record.modifydate,jdbcType=TIMESTAMP},
      </if>
      <if test="record.createby != null" >
        CreateBy = #{record.createby,jdbcType=VARCHAR},
      </if>
      <if test="record.modifyby != null" >
        ModifyBy = #{record.modifyby,jdbcType=VARCHAR},
      </if>
      <if test="record.sRemark != null" >
        s_remark = #{record.sRemark,jdbcType=LONGVARCHAR},
      </if>
    </set>
    <if test="_parameter != null" >
      <include refid="Update_By_Example_Where_Clause" />
    </if>
  </update>
  <update id="updateByExampleWithBLOBs" parameterType="map" >
    update b_station
    set s_id = #{record.sId,jdbcType=INTEGER},
      s_sort = #{record.sSort,jdbcType=VARCHAR},
      s_name = #{record.sName,jdbcType=VARCHAR},
      s_departurestation = #{record.sDeparturestation,jdbcType=INTEGER},
      s_railwaystation = #{record.sRailwaystation,jdbcType=INTEGER},
      s_province = #{record.sProvince,jdbcType=INTEGER},
      s_city = #{record.sCity,jdbcType=VARCHAR},
      s_mileage = #{record.sMileage,jdbcType=INTEGER},
      s_freight = #{record.sFreight,jdbcType=INTEGER},
      s_railwaysbureau = #{record.sRailwaysbureau,jdbcType=INTEGER},
      s_mouth = #{record.sMouth,jdbcType=INTEGER},
      Createdate = #{record.createdate,jdbcType=TIMESTAMP},
      ModifyDate = #{record.modifydate,jdbcType=TIMESTAMP},
      CreateBy = #{record.createby,jdbcType=VARCHAR},
      ModifyBy = #{record.modifyby,jdbcType=VARCHAR},
      s_remark = #{record.sRemark,jdbcType=LONGVARCHAR}
    <if test="_parameter != null" >
      <include refid="Update_By_Example_Where_Clause" />
    </if>
  </update>
  <update id="updateByExample" parameterType="map" >
    update b_station
    set s_id = #{record.sId,jdbcType=INTEGER},
      s_sort = #{record.sSort,jdbcType=VARCHAR},
      s_name = #{record.sName,jdbcType=VARCHAR},
      s_departurestation = #{record.sDeparturestation,jdbcType=INTEGER},
      s_railwaystation = #{record.sRailwaystation,jdbcType=INTEGER},
      s_province = #{record.sProvince,jdbcType=INTEGER},
      s_city = #{record.sCity,jdbcType=VARCHAR},
      s_mileage = #{record.sMileage,jdbcType=INTEGER},
      s_freight = #{record.sFreight,jdbcType=INTEGER},
      s_railwaysbureau = #{record.sRailwaysbureau,jdbcType=INTEGER},
      s_mouth = #{record.sMouth,jdbcType=INTEGER},
      Createdate = #{record.createdate,jdbcType=TIMESTAMP},
      ModifyDate = #{record.modifydate,jdbcType=TIMESTAMP},
      CreateBy = #{record.createby,jdbcType=VARCHAR},
      ModifyBy = #{record.modifyby,jdbcType=VARCHAR}
    <if test="_parameter != null" >
      <include refid="Update_By_Example_Where_Clause" />
    </if>
  </update>
  <update id="updateByPrimaryKeySelective" parameterType="com.xj.domain.base.BStation" >
    update b_station
    <set >
      <if test="sSort != null" >
        s_sort = #{sSort,jdbcType=VARCHAR},
      </if>
      <if test="sName != null" >
        s_name = #{sName,jdbcType=VARCHAR},
      </if>
      <if test="sDeparturestation != null" >
        s_departurestation = #{sDeparturestation,jdbcType=INTEGER},
      </if>
      <if test="sRailwaystation != null" >
        s_railwaystation = #{sRailwaystation,jdbcType=INTEGER},
      </if>
      <if test="sProvince != null" >
        s_province = #{sProvince,jdbcType=INTEGER},
      </if>
      <if test="sCity != null" >
        s_city = #{sCity,jdbcType=VARCHAR},
      </if>
      <if test="sMileage != null" >
        s_mileage = #{sMileage,jdbcType=INTEGER},
      </if>
      <if test="sFreight != null" >
        s_freight = #{sFreight,jdbcType=INTEGER},
      </if>
      <if test="sRailwaysbureau != null" >
        s_railwaysbureau = #{sRailwaysbureau,jdbcType=INTEGER},
      </if>
      <if test="sMouth != null" >
        s_mouth = #{sMouth,jdbcType=INTEGER},
      </if>
      <if test="createdate != null" >
        Createdate = #{createdate,jdbcType=TIMESTAMP},
      </if>
      <if test="modifydate != null" >
        ModifyDate = #{modifydate,jdbcType=TIMESTAMP},
      </if>
      <if test="createby != null" >
        CreateBy = #{createby,jdbcType=VARCHAR},
      </if>
      <if test="modifyby != null" >
        ModifyBy = #{modifyby,jdbcType=VARCHAR},
      </if>
      <if test="sRemark != null" >
        s_remark = #{sRemark,jdbcType=LONGVARCHAR},
      </if>
    </set>
    where s_id = #{sId,jdbcType=INTEGER}
  </update>
  <update id="updateByPrimaryKeyWithBLOBs" parameterType="com.xj.domain.base.BStation" >
    update b_station
    set s_sort = #{sSort,jdbcType=VARCHAR},
      s_name = #{sName,jdbcType=VARCHAR},
      s_departurestation = #{sDeparturestation,jdbcType=INTEGER},
      s_railwaystation = #{sRailwaystation,jdbcType=INTEGER},
      s_province = #{sProvince,jdbcType=INTEGER},
      s_city = #{sCity,jdbcType=VARCHAR},
      s_mileage = #{sMileage,jdbcType=INTEGER},
      s_freight = #{sFreight,jdbcType=INTEGER},
      s_railwaysbureau = #{sRailwaysbureau,jdbcType=INTEGER},
      s_mouth = #{sMouth,jdbcType=INTEGER},
      Createdate = #{createdate,jdbcType=TIMESTAMP},
      ModifyDate = #{modifydate,jdbcType=TIMESTAMP},
      CreateBy = #{createby,jdbcType=VARCHAR},
      ModifyBy = #{modifyby,jdbcType=VARCHAR},
      s_remark = #{sRemark,jdbcType=LONGVARCHAR}
    where s_id = #{sId,jdbcType=INTEGER}
  </update>
  <update id="updateByPrimaryKey" parameterType="com.xj.domain.base.BStation" >
    update b_station
    set s_sort = #{sSort,jdbcType=VARCHAR},
      s_name = #{sName,jdbcType=VARCHAR},
      s_departurestation = #{sDeparturestation,jdbcType=INTEGER},
      s_railwaystation = #{sRailwaystation,jdbcType=INTEGER},
      s_province = #{sProvince,jdbcType=INTEGER},
      s_city = #{sCity,jdbcType=VARCHAR},
      s_mileage = #{sMileage,jdbcType=INTEGER},
      s_freight = #{sFreight,jdbcType=INTEGER},
      s_railwaysbureau = #{sRailwaysbureau,jdbcType=INTEGER},
      s_mouth = #{sMouth,jdbcType=INTEGER},
      Createdate = #{createdate,jdbcType=TIMESTAMP},
      ModifyDate = #{modifydate,jdbcType=TIMESTAMP},
      CreateBy = #{createby,jdbcType=VARCHAR},
      ModifyBy = #{modifyby,jdbcType=VARCHAR}
    where s_id = #{sId,jdbcType=INTEGER}
  </update>
</mapper>