<?xml version="1.0" encoding="UTF-8" ?>
<!DOCTYPE mapper PUBLIC "-//mybatis.org//DTD Mapper 3.0//EN" "http://mybatis.org/dtd/mybatis-3-mapper.dtd" >
<mapper namespace="com.xj.dao.BStartstationDao" >
  <resultMap id="BaseResultMap" type="com.xj.domain.base.BStartstation" >
    <id column="start_id" property="startId" jdbcType="INTEGER" />
    <result column="start_stationid" property="startStationid" jdbcType="INTEGER" />
    <result column="start_sourceid" property="startSourceid" jdbcType="INTEGER" />
    <result column="start_name" property="startName" jdbcType="VARCHAR" />
    <result column="Createdate" property="createdate" jdbcType="TIMESTAMP" />
    <result column="ModifyDate" property="modifydate" jdbcType="TIMESTAMP" />
    <result column="CreateBy" property="createby" jdbcType="VARCHAR" />
    <result column="ModifyBy" property="modifyby" jdbcType="VARCHAR" />
  </resultMap>
  <sql id="Example_Where_Clause" >
    <where >
      <foreach collection="oredCriteria" item="criteria" separator="or" >
        <if test="criteria.valid" >
          <trim prefix="(" suffix=")" prefixOverrides="and" >
            <foreach collection="criteria.criteria" item="criterion" >
              <choose >
                <when test="criterion.noValue" >
                  and ${criterion.condition}
                </when>
                <when test="criterion.singleValue" >
                  and ${criterion.condition} #{criterion.value}
                </when>
                <when test="criterion.betweenValue" >
                  and ${criterion.condition} #{criterion.value} and #{criterion.secondValue}
                </when>
                <when test="criterion.listValue" >
                  and ${criterion.condition}
                  <foreach collection="criterion.value" item="listItem" open="(" close=")" separator="," >
                    #{listItem}
                  </foreach>
                </when>
              </choose>
            </foreach>
          </trim>
        </if>
      </foreach>
    </where>
  </sql>
  <sql id="Update_By_Example_Where_Clause" >
    <where >
      <foreach collection="example.oredCriteria" item="criteria" separator="or" >
        <if test="criteria.valid" >
          <trim prefix="(" suffix=")" prefixOverrides="and" >
            <foreach collection="criteria.criteria" item="criterion" >
              <choose >
                <when test="criterion.noValue" >
                  and ${criterion.condition}
                </when>
                <when test="criterion.singleValue" >
                  and ${criterion.condition} #{criterion.value}
                </when>
                <when test="criterion.betweenValue" >
                  and ${criterion.condition} #{criterion.value} and #{criterion.secondValue}
                </when>
                <when test="criterion.listValue" >
                  and ${criterion.condition}
                  <foreach collection="criterion.value" item="listItem" open="(" close=")" separator="," >
                    #{listItem}
                  </foreach>
                </when>
              </choose>
            </foreach>
          </trim>
        </if>
      </foreach>
    </where>
  </sql>
  <sql id="Base_Column_List" >
    <if test="fields == null" >
      start_id, start_stationid, start_sourceid, start_name, Createdate, ModifyDate, CreateBy, 
      ModifyBy
    </if>
    <if test="fields != null" >
      ${fields}
    </if>
  </sql>
  <select id="selectByExample" resultMap="BaseResultMap" parameterType="com.xj.domain.base.BStartstationQuery" >
    select
    <if test="distinct" >
      distinct
    </if>
    <include refid="Base_Column_List" />
    from b_startstation
    <if test="_parameter != null" >
      <include refid="Example_Where_Clause" />
    </if>
    <if test="orderByClause != null" >
      order by ${orderByClause}
    </if>
    <if test="startRow != null" >
      limit #{startRow} , #{pageSize}
    </if>
  </select>
  <select id="selectByPrimaryKey" resultMap="BaseResultMap" parameterType="java.lang.Integer" >
    select 
    start_id,start_stationid,start_sourceid,start_name,Createdate,ModifyDate,CreateBy,ModifyBy
    from b_startstation
    where start_id = #{startId,jdbcType=INTEGER}
  </select>
  <delete id="deleteByPrimaryKey" parameterType="java.lang.Integer" >
    delete from b_startstation
    where start_id = #{startId,jdbcType=INTEGER}
  </delete>
  <delete id="deleteByExample" parameterType="com.xj.domain.base.BStartstationQuery" >
    delete from b_startstation
    <if test="_parameter != null" >
      <include refid="Example_Where_Clause" />
    </if>
  </delete>
  <insert id="insert" parameterType="com.xj.domain.base.BStartstation" >
    insert into b_startstation (start_id, start_stationid, start_sourceid, 
      start_name, Createdate, ModifyDate, 
      CreateBy, ModifyBy)
    values (#{startId,jdbcType=INTEGER}, #{startStationid,jdbcType=INTEGER}, #{startSourceid,jdbcType=INTEGER}, 
      #{startName,jdbcType=VARCHAR}, #{createdate,jdbcType=TIMESTAMP}, #{modifydate,jdbcType=TIMESTAMP}, 
      #{createby,jdbcType=VARCHAR}, #{modifyby,jdbcType=VARCHAR})
  </insert>
  <insert id="insertSelective" parameterType="com.xj.domain.base.BStartstation" >
    insert into b_startstation
    <trim prefix="(" suffix=")" suffixOverrides="," >
      <if test="startId != null" >
        start_id,
      </if>
      <if test="startStationid != null" >
        start_stationid,
      </if>
      <if test="startSourceid != null" >
        start_sourceid,
      </if>
      <if test="startName != null" >
        start_name,
      </if>
      <if test="createdate != null" >
        Createdate,
      </if>
      <if test="modifydate != null" >
        ModifyDate,
      </if>
      <if test="createby != null" >
        CreateBy,
      </if>
      <if test="modifyby != null" >
        ModifyBy,
      </if>
    </trim>
    <trim prefix="values (" suffix=")" suffixOverrides="," >
      <if test="startId != null" >
        #{startId,jdbcType=INTEGER},
      </if>
      <if test="startStationid != null" >
        #{startStationid,jdbcType=INTEGER},
      </if>
      <if test="startSourceid != null" >
        #{startSourceid,jdbcType=INTEGER},
      </if>
      <if test="startName != null" >
        #{startName,jdbcType=VARCHAR},
      </if>
      <if test="createdate != null" >
        #{createdate,jdbcType=TIMESTAMP},
      </if>
      <if test="modifydate != null" >
        #{modifydate,jdbcType=TIMESTAMP},
      </if>
      <if test="createby != null" >
        #{createby,jdbcType=VARCHAR},
      </if>
      <if test="modifyby != null" >
        #{modifyby,jdbcType=VARCHAR},
      </if>
    </trim>
  </insert>
  <select id="countByExample" parameterType="com.xj.domain.base.BStartstationQuery" resultType="java.lang.Integer" >
    select count(*) from b_startstation
    <if test="_parameter != null" >
      <include refid="Example_Where_Clause" />
    </if>
  </select>
  <update id="updateByExampleSelective" parameterType="map" >
    update b_startstation
    <set >
      <if test="record.startId != null" >
        start_id = #{record.startId,jdbcType=INTEGER},
      </if>
      <if test="record.startStationid != null" >
        start_stationid = #{record.startStationid,jdbcType=INTEGER},
      </if>
      <if test="record.startSourceid != null" >
        start_sourceid = #{record.startSourceid,jdbcType=INTEGER},
      </if>
      <if test="record.startName != null" >
        start_name = #{record.startName,jdbcType=VARCHAR},
      </if>
      <if test="record.createdate != null" >
        Createdate = #{record.createdate,jdbcType=TIMESTAMP},
      </if>
      <if test="record.modifydate != null" >
        ModifyDate = #{record.modifydate,jdbcType=TIMESTAMP},
      </if>
      <if test="record.createby != null" >
        CreateBy = #{record.createby,jdbcType=VARCHAR},
      </if>
      <if test="record.modifyby != null" >
        ModifyBy = #{record.modifyby,jdbcType=VARCHAR},
      </if>
    </set>
    <if test="_parameter != null" >
      <include refid="Update_By_Example_Where_Clause" />
    </if>
  </update>
  <update id="updateByExample" parameterType="map" >
    update b_startstation
    set start_id = #{record.startId,jdbcType=INTEGER},
      start_stationid = #{record.startStationid,jdbcType=INTEGER},
      start_sourceid = #{record.startSourceid,jdbcType=INTEGER},
      start_name = #{record.startName,jdbcType=VARCHAR},
      Createdate = #{record.createdate,jdbcType=TIMESTAMP},
      ModifyDate = #{record.modifydate,jdbcType=TIMESTAMP},
      CreateBy = #{record.createby,jdbcType=VARCHAR},
      ModifyBy = #{record.modifyby,jdbcType=VARCHAR}
    <if test="_parameter != null" >
      <include refid="Update_By_Example_Where_Clause" />
    </if>
  </update>
  <update id="updateByPrimaryKeySelective" parameterType="com.xj.domain.base.BStartstation" >
    update b_startstation
    <set >
      <if test="startStationid != null" >
        start_stationid = #{startStationid,jdbcType=INTEGER},
      </if>
      <if test="startSourceid != null" >
        start_sourceid = #{startSourceid,jdbcType=INTEGER},
      </if>
      <if test="startName != null" >
        start_name = #{startName,jdbcType=VARCHAR},
      </if>
      <if test="createdate != null" >
        Createdate = #{createdate,jdbcType=TIMESTAMP},
      </if>
      <if test="modifydate != null" >
        ModifyDate = #{modifydate,jdbcType=TIMESTAMP},
      </if>
      <if test="createby != null" >
        CreateBy = #{createby,jdbcType=VARCHAR},
      </if>
      <if test="modifyby != null" >
        ModifyBy = #{modifyby,jdbcType=VARCHAR},
      </if>
    </set>
    where start_id = #{startId,jdbcType=INTEGER}
  </update>
  <update id="updateByPrimaryKey" parameterType="com.xj.domain.base.BStartstation" >
    update b_startstation
    set start_stationid = #{startStationid,jdbcType=INTEGER},
      start_sourceid = #{startSourceid,jdbcType=INTEGER},
      start_name = #{startName,jdbcType=VARCHAR},
      Createdate = #{createdate,jdbcType=TIMESTAMP},
      ModifyDate = #{modifydate,jdbcType=TIMESTAMP},
      CreateBy = #{createby,jdbcType=VARCHAR},
      ModifyBy = #{modifyby,jdbcType=VARCHAR}
    where start_id = #{startId,jdbcType=INTEGER}
  </update>
</mapper>