<?xml version="1.0" encoding="UTF-8" ?>
<!DOCTYPE mapper PUBLIC "-//mybatis.org//DTD Mapper 3.0//EN" "http://mybatis.org/dtd/mybatis-3-mapper.dtd" >
<mapper namespace="com.xj.dao.BTrafficDao" >
  <resultMap id="BaseResultMap" type="com.xj.domain.base.BTraffic" >
    <id column="t_id" property="tId" jdbcType="INTEGER" />
    <result column="t_name" property="tName" jdbcType="VARCHAR" />
    <result column="Createdate" property="createdate" jdbcType="TIMESTAMP" />
    <result column="ModifyDate" property="modifydate" jdbcType="TIMESTAMP" />
    <result column="CreateBy" property="createby" jdbcType="VARCHAR" />
    <result column="ModifyBy" property="modifyby" jdbcType="VARCHAR" />
  </resultMap>
  <resultMap id="ResultMapWithBLOBs" type="com.xj.domain.base.BTraffic" extends="BaseResultMap" >
    <result column="t_remark" property="tRemark" jdbcType="LONGVARCHAR" />
  </resultMap>
  <sql id="Example_Where_Clause" >
    <where >
      <foreach collection="oredCriteria" item="criteria" separator="or" >
        <if test="criteria.valid" >
          <trim prefix="(" suffix=")" prefixOverrides="and" >
            <foreach collection="criteria.criteria" item="criterion" >
              <choose >
                <when test="criterion.noValue" >
                  and ${criterion.condition}
                </when>
                <when test="criterion.singleValue" >
                  and ${criterion.condition} #{criterion.value}
                </when>
                <when test="criterion.betweenValue" >
                  and ${criterion.condition} #{criterion.value} and #{criterion.secondValue}
                </when>
                <when test="criterion.listValue" >
                  and ${criterion.condition}
                  <foreach collection="criterion.value" item="listItem" open="(" close=")" separator="," >
                    #{listItem}
                  </foreach>
                </when>
              </choose>
            </foreach>
          </trim>
        </if>
      </foreach>
    </where>
  </sql>
  <sql id="Update_By_Example_Where_Clause" >
    <where >
      <foreach collection="example.oredCriteria" item="criteria" separator="or" >
        <if test="criteria.valid" >
          <trim prefix="(" suffix=")" prefixOverrides="and" >
            <foreach collection="criteria.criteria" item="criterion" >
              <choose >
                <when test="criterion.noValue" >
                  and ${criterion.condition}
                </when>
                <when test="criterion.singleValue" >
                  and ${criterion.condition} #{criterion.value}
                </when>
                <when test="criterion.betweenValue" >
                  and ${criterion.condition} #{criterion.value} and #{criterion.secondValue}
                </when>
                <when test="criterion.listValue" >
                  and ${criterion.condition}
                  <foreach collection="criterion.value" item="listItem" open="(" close=")" separator="," >
                    #{listItem}
                  </foreach>
                </when>
              </choose>
            </foreach>
          </trim>
        </if>
      </foreach>
    </where>
  </sql>
  <sql id="Base_Column_List" >
    <if test="fields == null" >
      t_id, t_name, Createdate, ModifyDate, CreateBy, ModifyBy
    </if>
    <if test="fields != null" >
      ${fields}
    </if>
  </sql>
  <sql id="Blob_Column_List" >
    t_remark
  </sql>
  <select id="selectByExampleWithBLOBs" resultMap="ResultMapWithBLOBs" parameterType="com.xj.domain.base.BTrafficQuery" >
    select
    <if test="distinct" >
      distinct
    </if>
    <include refid="Base_Column_List" />
    ,
    <include refid="Blob_Column_List" />
    from b_traffic
    <if test="_parameter != null" >
      <include refid="Example_Where_Clause" />
    </if>
    <if test="orderByClause != null" >
      order by ${orderByClause}
    </if>
  </select>
  <select id="selectByExample" resultMap="BaseResultMap" parameterType="com.xj.domain.base.BTrafficQuery" >
    select
    <if test="distinct" >
      distinct
    </if>
    <include refid="Base_Column_List" />
    from b_traffic
    <if test="_parameter != null" >
      <include refid="Example_Where_Clause" />
    </if>
    <if test="orderByClause != null" >
      order by ${orderByClause}
    </if>
    <if test="startRow != null" >
      limit #{startRow} , #{pageSize}
    </if>
  </select>
  <select id="selectByPrimaryKey" resultMap="ResultMapWithBLOBs" parameterType="java.lang.Integer" >
    select 
    t_id,t_name,Createdate,ModifyDate,CreateBy,ModifyBy,t_remark
    ,
    <include refid="Blob_Column_List" />
    from b_traffic
    where t_id = #{tId,jdbcType=INTEGER}
  </select>
  <delete id="deleteByPrimaryKey" parameterType="java.lang.Integer" >
    delete from b_traffic
    where t_id = #{tId,jdbcType=INTEGER}
  </delete>
  <delete id="deleteByExample" parameterType="com.xj.domain.base.BTrafficQuery" >
    delete from b_traffic
    <if test="_parameter != null" >
      <include refid="Example_Where_Clause" />
    </if>
  </delete>
  <insert id="insert" parameterType="com.xj.domain.base.BTraffic" >
    insert into b_traffic (t_id, t_name, Createdate, 
      ModifyDate, CreateBy, ModifyBy, 
      t_remark)
    values (#{tId,jdbcType=INTEGER}, #{tName,jdbcType=VARCHAR}, #{createdate,jdbcType=TIMESTAMP}, 
      #{modifydate,jdbcType=TIMESTAMP}, #{createby,jdbcType=VARCHAR}, #{modifyby,jdbcType=VARCHAR}, 
      #{tRemark,jdbcType=LONGVARCHAR})
  </insert>
  <insert id="insertSelective" parameterType="com.xj.domain.base.BTraffic" >
    insert into b_traffic
    <trim prefix="(" suffix=")" suffixOverrides="," >
      <if test="tId != null" >
        t_id,
      </if>
      <if test="tName != null" >
        t_name,
      </if>
      <if test="createdate != null" >
        Createdate,
      </if>
      <if test="modifydate != null" >
        ModifyDate,
      </if>
      <if test="createby != null" >
        CreateBy,
      </if>
      <if test="modifyby != null" >
        ModifyBy,
      </if>
      <if test="tRemark != null" >
        t_remark,
      </if>
    </trim>
    <trim prefix="values (" suffix=")" suffixOverrides="," >
      <if test="tId != null" >
        #{tId,jdbcType=INTEGER},
      </if>
      <if test="tName != null" >
        #{tName,jdbcType=VARCHAR},
      </if>
      <if test="createdate != null" >
        #{createdate,jdbcType=TIMESTAMP},
      </if>
      <if test="modifydate != null" >
        #{modifydate,jdbcType=TIMESTAMP},
      </if>
      <if test="createby != null" >
        #{createby,jdbcType=VARCHAR},
      </if>
      <if test="modifyby != null" >
        #{modifyby,jdbcType=VARCHAR},
      </if>
      <if test="tRemark != null" >
        #{tRemark,jdbcType=LONGVARCHAR},
      </if>
    </trim>
  </insert>
  <select id="countByExample" parameterType="com.xj.domain.base.BTrafficQuery" resultType="java.lang.Integer" >
    select count(*) from b_traffic
    <if test="_parameter != null" >
      <include refid="Example_Where_Clause" />
    </if>
  </select>
  <update id="updateByExampleSelective" parameterType="map" >
    update b_traffic
    <set >
      <if test="record.tId != null" >
        t_id = #{record.tId,jdbcType=INTEGER},
      </if>
      <if test="record.tName != null" >
        t_name = #{record.tName,jdbcType=VARCHAR},
      </if>
      <if test="record.createdate != null" >
        Createdate = #{record.createdate,jdbcType=TIMESTAMP},
      </if>
      <if test="record.modifydate != null" >
        ModifyDate = #{record.modifydate,jdbcType=TIMESTAMP},
      </if>
      <if test="record.createby != null" >
        CreateBy = #{record.createby,jdbcType=VARCHAR},
      </if>
      <if test="record.modifyby != null" >
        ModifyBy = #{record.modifyby,jdbcType=VARCHAR},
      </if>
      <if test="record.tRemark != null" >
        t_remark = #{record.tRemark,jdbcType=LONGVARCHAR},
      </if>
    </set>
    <if test="_parameter != null" >
      <include refid="Update_By_Example_Where_Clause" />
    </if>
  </update>
  <update id="updateByExampleWithBLOBs" parameterType="map" >
    update b_traffic
    set t_id = #{record.tId,jdbcType=INTEGER},
      t_name = #{record.tName,jdbcType=VARCHAR},
      Createdate = #{record.createdate,jdbcType=TIMESTAMP},
      ModifyDate = #{record.modifydate,jdbcType=TIMESTAMP},
      CreateBy = #{record.createby,jdbcType=VARCHAR},
      ModifyBy = #{record.modifyby,jdbcType=VARCHAR},
      t_remark = #{record.tRemark,jdbcType=LONGVARCHAR}
    <if test="_parameter != null" >
      <include refid="Update_By_Example_Where_Clause" />
    </if>
  </update>
  <update id="updateByExample" parameterType="map" >
    update b_traffic
    set t_id = #{record.tId,jdbcType=INTEGER},
      t_name = #{record.tName,jdbcType=VARCHAR},
      Createdate = #{record.createdate,jdbcType=TIMESTAMP},
      ModifyDate = #{record.modifydate,jdbcType=TIMESTAMP},
      CreateBy = #{record.createby,jdbcType=VARCHAR},
      ModifyBy = #{record.modifyby,jdbcType=VARCHAR}
    <if test="_parameter != null" >
      <include refid="Update_By_Example_Where_Clause" />
    </if>
  </update>
  <update id="updateByPrimaryKeySelective" parameterType="com.xj.domain.base.BTraffic" >
    update b_traffic
    <set >
      <if test="tName != null" >
        t_name = #{tName,jdbcType=VARCHAR},
      </if>
      <if test="createdate != null" >
        Createdate = #{createdate,jdbcType=TIMESTAMP},
      </if>
      <if test="modifydate != null" >
        ModifyDate = #{modifydate,jdbcType=TIMESTAMP},
      </if>
      <if test="createby != null" >
        CreateBy = #{createby,jdbcType=VARCHAR},
      </if>
      <if test="modifyby != null" >
        ModifyBy = #{modifyby,jdbcType=VARCHAR},
      </if>
      <if test="tRemark != null" >
        t_remark = #{tRemark,jdbcType=LONGVARCHAR},
      </if>
    </set>
    where t_id = #{tId,jdbcType=INTEGER}
  </update>
  <update id="updateByPrimaryKeyWithBLOBs" parameterType="com.xj.domain.base.BTraffic" >
    update b_traffic
    set t_name = #{tName,jdbcType=VARCHAR},
      Createdate = #{createdate,jdbcType=TIMESTAMP},
      ModifyDate = #{modifydate,jdbcType=TIMESTAMP},
      CreateBy = #{createby,jdbcType=VARCHAR},
      ModifyBy = #{modifyby,jdbcType=VARCHAR},
      t_remark = #{tRemark,jdbcType=LONGVARCHAR}
    where t_id = #{tId,jdbcType=INTEGER}
  </update>
  <update id="updateByPrimaryKey" parameterType="com.xj.domain.base.BTraffic" >
    update b_traffic
    set t_name = #{tName,jdbcType=VARCHAR},
      Createdate = #{createdate,jdbcType=TIMESTAMP},
      ModifyDate = #{modifydate,jdbcType=TIMESTAMP},
      CreateBy = #{createby,jdbcType=VARCHAR},
      ModifyBy = #{modifyby,jdbcType=VARCHAR}
    where t_id = #{tId,jdbcType=INTEGER}
  </update>
</mapper>