<?xml version="1.0" encoding="UTF-8" ?>
<!DOCTYPE mapper PUBLIC "-//mybatis.org//DTD Mapper 3.0//EN" "http://mybatis.org/dtd/mybatis-3-mapper.dtd" >
<mapper namespace="com.xj.dao.ContractDeskCountManagementDao" >
  <resultMap id="BaseResultMap" type="com.xj.domain.contract.ContractDeskCountManagement" >
    <id column="cm_contractId" property="cmContractid" jdbcType="INTEGER" />
    <result column="cm_productId" property="cmProductid" jdbcType="INTEGER" />
    <result column="cm_productName" property="cmProductname" jdbcType="VARCHAR" />
    <result column="cm_deliveryEnterPriseName" property="cmDeliveryenterprisename" jdbcType="VARCHAR" />
    <result column="cm_receivingUnit" property="cmReceivingunit" jdbcType="VARCHAR" />
    <result column="cm_provinceName" property="cmProvincename" jdbcType="VARCHAR" />
    <result column="cm_cityName" property="cmCityname" jdbcType="VARCHAR" />
    <result column="cm_adress" property="cmAdress" jdbcType="VARCHAR" />
    <result column="Createdate" property="createdate" jdbcType="TIMESTAMP" />
    <result column="ModifyDate" property="modifydate" jdbcType="TIMESTAMP" />
    <result column="CreateBy" property="createby" jdbcType="VARCHAR" />
    <result column="ModifyBy" property="modifyby" jdbcType="VARCHAR" />
  </resultMap>
  <resultMap id="ResultMapWithBLOBs" type="com.xj.domain.contract.ContractDeskCountManagement" extends="BaseResultMap" >
    <result column="cm_remark" property="cmRemark" jdbcType="LONGVARCHAR" />
  </resultMap>
  <sql id="Example_Where_Clause" >
    <where >
      <foreach collection="oredCriteria" item="criteria" separator="or" >
        <if test="criteria.valid" >
          <trim prefix="(" suffix=")" prefixOverrides="and" >
            <foreach collection="criteria.criteria" item="criterion" >
              <choose >
                <when test="criterion.noValue" >
                  and ${criterion.condition}
                </when>
                <when test="criterion.singleValue" >
                  and ${criterion.condition} #{criterion.value}
                </when>
                <when test="criterion.betweenValue" >
                  and ${criterion.condition} #{criterion.value} and #{criterion.secondValue}
                </when>
                <when test="criterion.listValue" >
                  and ${criterion.condition}
                  <foreach collection="criterion.value" item="listItem" open="(" close=")" separator="," >
                    #{listItem}
                  </foreach>
                </when>
              </choose>
            </foreach>
          </trim>
        </if>
      </foreach>
    </where>
  </sql>
  <sql id="Update_By_Example_Where_Clause" >
    <where >
      <foreach collection="example.oredCriteria" item="criteria" separator="or" >
        <if test="criteria.valid" >
          <trim prefix="(" suffix=")" prefixOverrides="and" >
            <foreach collection="criteria.criteria" item="criterion" >
              <choose >
                <when test="criterion.noValue" >
                  and ${criterion.condition}
                </when>
                <when test="criterion.singleValue" >
                  and ${criterion.condition} #{criterion.value}
                </when>
                <when test="criterion.betweenValue" >
                  and ${criterion.condition} #{criterion.value} and #{criterion.secondValue}
                </when>
                <when test="criterion.listValue" >
                  and ${criterion.condition}
                  <foreach collection="criterion.value" item="listItem" open="(" close=")" separator="," >
                    #{listItem}
                  </foreach>
                </when>
              </choose>
            </foreach>
          </trim>
        </if>
      </foreach>
    </where>
  </sql>
  <sql id="Base_Column_List" >
    <if test="fields == null" >
      cm_contractId, cm_productId, cm_productName, cm_deliveryEnterPriseName, cm_receivingUnit, 
      cm_provinceName, cm_cityName, cm_adress, Createdate, ModifyDate, CreateBy, ModifyBy
    </if>
    <if test="fields != null" >
      ${fields}
    </if>
  </sql>
  <sql id="Blob_Column_List" >
    cm_remark
  </sql>
  <select id="selectByExampleWithBLOBs" resultMap="ResultMapWithBLOBs" parameterType="com.xj.domain.contract.ContractDeskCountManagementQuery" >
    select
    <if test="distinct" >
      distinct
    </if>
    <include refid="Base_Column_List" />
    ,
    <include refid="Blob_Column_List" />
    from contract_desk_count_management
    <if test="_parameter != null" >
      <include refid="Example_Where_Clause" />
    </if>
    <if test="orderByClause != null" >
      order by ${orderByClause}
    </if>
  </select>
  <select id="selectByExample" resultMap="BaseResultMap" parameterType="com.xj.domain.contract.ContractDeskCountManagementQuery" >
    select
    <if test="distinct" >
      distinct
    </if>
    <include refid="Base_Column_List" />
    from contract_desk_count_management
    <if test="_parameter != null" >
      <include refid="Example_Where_Clause" />
    </if>
    <if test="orderByClause != null" >
      order by ${orderByClause}
    </if>
    <if test="startRow != null" >
      limit #{startRow} , #{pageSize}
    </if>
  </select>
  <select id="selectByPrimaryKey" resultMap="ResultMapWithBLOBs" parameterType="java.lang.Integer" >
    select 
    cm_contractId,cm_productId,cm_productName,cm_deliveryEnterPriseName,cm_receivingUnit,cm_provinceName,cm_cityName,cm_adress,Createdate,ModifyDate,CreateBy,ModifyBy,cm_remark
    ,
    <include refid="Blob_Column_List" />
    from contract_desk_count_management
    where cm_contractId = #{cmContractid,jdbcType=INTEGER}
  </select>
  <delete id="deleteByPrimaryKey" parameterType="java.lang.Integer" >
    delete from contract_desk_count_management
    where cm_contractId = #{cmContractid,jdbcType=INTEGER}
  </delete>
  <delete id="deleteByExample" parameterType="com.xj.domain.contract.ContractDeskCountManagementQuery" >
    delete from contract_desk_count_management
    <if test="_parameter != null" >
      <include refid="Example_Where_Clause" />
    </if>
  </delete>
  <insert id="insert" parameterType="com.xj.domain.contract.ContractDeskCountManagement" >
    insert into contract_desk_count_management (cm_contractId, cm_productId, cm_productName, 
      cm_deliveryEnterPriseName, cm_receivingUnit, 
      cm_provinceName, cm_cityName, cm_adress, 
      Createdate, ModifyDate, CreateBy, 
      ModifyBy, cm_remark)
    values (#{cmContractid,jdbcType=INTEGER}, #{cmProductid,jdbcType=INTEGER}, #{cmProductname,jdbcType=VARCHAR}, 
      #{cmDeliveryenterprisename,jdbcType=VARCHAR}, #{cmReceivingunit,jdbcType=VARCHAR}, 
      #{cmProvincename,jdbcType=VARCHAR}, #{cmCityname,jdbcType=VARCHAR}, #{cmAdress,jdbcType=VARCHAR}, 
      #{createdate,jdbcType=TIMESTAMP}, #{modifydate,jdbcType=TIMESTAMP}, #{createby,jdbcType=VARCHAR}, 
      #{modifyby,jdbcType=VARCHAR}, #{cmRemark,jdbcType=LONGVARCHAR})
  </insert>
  <insert id="insertSelective" parameterType="com.xj.domain.contract.ContractDeskCountManagement" >
    insert into contract_desk_count_management
    <trim prefix="(" suffix=")" suffixOverrides="," >
      <if test="cmContractid != null" >
        cm_contractId,
      </if>
      <if test="cmProductid != null" >
        cm_productId,
      </if>
      <if test="cmProductname != null" >
        cm_productName,
      </if>
      <if test="cmDeliveryenterprisename != null" >
        cm_deliveryEnterPriseName,
      </if>
      <if test="cmReceivingunit != null" >
        cm_receivingUnit,
      </if>
      <if test="cmProvincename != null" >
        cm_provinceName,
      </if>
      <if test="cmCityname != null" >
        cm_cityName,
      </if>
      <if test="cmAdress != null" >
        cm_adress,
      </if>
      <if test="createdate != null" >
        Createdate,
      </if>
      <if test="modifydate != null" >
        ModifyDate,
      </if>
      <if test="createby != null" >
        CreateBy,
      </if>
      <if test="modifyby != null" >
        ModifyBy,
      </if>
      <if test="cmRemark != null" >
        cm_remark,
      </if>
    </trim>
    <trim prefix="values (" suffix=")" suffixOverrides="," >
      <if test="cmContractid != null" >
        #{cmContractid,jdbcType=INTEGER},
      </if>
      <if test="cmProductid != null" >
        #{cmProductid,jdbcType=INTEGER},
      </if>
      <if test="cmProductname != null" >
        #{cmProductname,jdbcType=VARCHAR},
      </if>
      <if test="cmDeliveryenterprisename != null" >
        #{cmDeliveryenterprisename,jdbcType=VARCHAR},
      </if>
      <if test="cmReceivingunit != null" >
        #{cmReceivingunit,jdbcType=VARCHAR},
      </if>
      <if test="cmProvincename != null" >
        #{cmProvincename,jdbcType=VARCHAR},
      </if>
      <if test="cmCityname != null" >
        #{cmCityname,jdbcType=VARCHAR},
      </if>
      <if test="cmAdress != null" >
        #{cmAdress,jdbcType=VARCHAR},
      </if>
      <if test="createdate != null" >
        #{createdate,jdbcType=TIMESTAMP},
      </if>
      <if test="modifydate != null" >
        #{modifydate,jdbcType=TIMESTAMP},
      </if>
      <if test="createby != null" >
        #{createby,jdbcType=VARCHAR},
      </if>
      <if test="modifyby != null" >
        #{modifyby,jdbcType=VARCHAR},
      </if>
      <if test="cmRemark != null" >
        #{cmRemark,jdbcType=LONGVARCHAR},
      </if>
    </trim>
  </insert>
  <select id="countByExample" parameterType="com.xj.domain.contract.ContractDeskCountManagementQuery" resultType="java.lang.Integer" >
    select count(*) from contract_desk_count_management
    <if test="_parameter != null" >
      <include refid="Example_Where_Clause" />
    </if>
  </select>
  <update id="updateByExampleSelective" parameterType="map" >
    update contract_desk_count_management
    <set >
      <if test="record.cmContractid != null" >
        cm_contractId = #{record.cmContractid,jdbcType=INTEGER},
      </if>
      <if test="record.cmProductid != null" >
        cm_productId = #{record.cmProductid,jdbcType=INTEGER},
      </if>
      <if test="record.cmProductname != null" >
        cm_productName = #{record.cmProductname,jdbcType=VARCHAR},
      </if>
      <if test="record.cmDeliveryenterprisename != null" >
        cm_deliveryEnterPriseName = #{record.cmDeliveryenterprisename,jdbcType=VARCHAR},
      </if>
      <if test="record.cmReceivingunit != null" >
        cm_receivingUnit = #{record.cmReceivingunit,jdbcType=VARCHAR},
      </if>
      <if test="record.cmProvincename != null" >
        cm_provinceName = #{record.cmProvincename,jdbcType=VARCHAR},
      </if>
      <if test="record.cmCityname != null" >
        cm_cityName = #{record.cmCityname,jdbcType=VARCHAR},
      </if>
      <if test="record.cmAdress != null" >
        cm_adress = #{record.cmAdress,jdbcType=VARCHAR},
      </if>
      <if test="record.createdate != null" >
        Createdate = #{record.createdate,jdbcType=TIMESTAMP},
      </if>
      <if test="record.modifydate != null" >
        ModifyDate = #{record.modifydate,jdbcType=TIMESTAMP},
      </if>
      <if test="record.createby != null" >
        CreateBy = #{record.createby,jdbcType=VARCHAR},
      </if>
      <if test="record.modifyby != null" >
        ModifyBy = #{record.modifyby,jdbcType=VARCHAR},
      </if>
      <if test="record.cmRemark != null" >
        cm_remark = #{record.cmRemark,jdbcType=LONGVARCHAR},
      </if>
    </set>
    <if test="_parameter != null" >
      <include refid="Update_By_Example_Where_Clause" />
    </if>
  </update>
  <update id="updateByExampleWithBLOBs" parameterType="map" >
    update contract_desk_count_management
    set cm_contractId = #{record.cmContractid,jdbcType=INTEGER},
      cm_productId = #{record.cmProductid,jdbcType=INTEGER},
      cm_productName = #{record.cmProductname,jdbcType=VARCHAR},
      cm_deliveryEnterPriseName = #{record.cmDeliveryenterprisename,jdbcType=VARCHAR},
      cm_receivingUnit = #{record.cmReceivingunit,jdbcType=VARCHAR},
      cm_provinceName = #{record.cmProvincename,jdbcType=VARCHAR},
      cm_cityName = #{record.cmCityname,jdbcType=VARCHAR},
      cm_adress = #{record.cmAdress,jdbcType=VARCHAR},
      Createdate = #{record.createdate,jdbcType=TIMESTAMP},
      ModifyDate = #{record.modifydate,jdbcType=TIMESTAMP},
      CreateBy = #{record.createby,jdbcType=VARCHAR},
      ModifyBy = #{record.modifyby,jdbcType=VARCHAR},
      cm_remark = #{record.cmRemark,jdbcType=LONGVARCHAR}
    <if test="_parameter != null" >
      <include refid="Update_By_Example_Where_Clause" />
    </if>
  </update>
  <update id="updateByExample" parameterType="map" >
    update contract_desk_count_management
    set cm_contractId = #{record.cmContractid,jdbcType=INTEGER},
      cm_productId = #{record.cmProductid,jdbcType=INTEGER},
      cm_productName = #{record.cmProductname,jdbcType=VARCHAR},
      cm_deliveryEnterPriseName = #{record.cmDeliveryenterprisename,jdbcType=VARCHAR},
      cm_receivingUnit = #{record.cmReceivingunit,jdbcType=VARCHAR},
      cm_provinceName = #{record.cmProvincename,jdbcType=VARCHAR},
      cm_cityName = #{record.cmCityname,jdbcType=VARCHAR},
      cm_adress = #{record.cmAdress,jdbcType=VARCHAR},
      Createdate = #{record.createdate,jdbcType=TIMESTAMP},
      ModifyDate = #{record.modifydate,jdbcType=TIMESTAMP},
      CreateBy = #{record.createby,jdbcType=VARCHAR},
      ModifyBy = #{record.modifyby,jdbcType=VARCHAR}
    <if test="_parameter != null" >
      <include refid="Update_By_Example_Where_Clause" />
    </if>
  </update>
  <update id="updateByPrimaryKeySelective" parameterType="com.xj.domain.contract.ContractDeskCountManagement" >
    update contract_desk_count_management
    <set >
      <if test="cmProductid != null" >
        cm_productId = #{cmProductid,jdbcType=INTEGER},
      </if>
      <if test="cmProductname != null" >
        cm_productName = #{cmProductname,jdbcType=VARCHAR},
      </if>
      <if test="cmDeliveryenterprisename != null" >
        cm_deliveryEnterPriseName = #{cmDeliveryenterprisename,jdbcType=VARCHAR},
      </if>
      <if test="cmReceivingunit != null" >
        cm_receivingUnit = #{cmReceivingunit,jdbcType=VARCHAR},
      </if>
      <if test="cmProvincename != null" >
        cm_provinceName = #{cmProvincename,jdbcType=VARCHAR},
      </if>
      <if test="cmCityname != null" >
        cm_cityName = #{cmCityname,jdbcType=VARCHAR},
      </if>
      <if test="cmAdress != null" >
        cm_adress = #{cmAdress,jdbcType=VARCHAR},
      </if>
      <if test="createdate != null" >
        Createdate = #{createdate,jdbcType=TIMESTAMP},
      </if>
      <if test="modifydate != null" >
        ModifyDate = #{modifydate,jdbcType=TIMESTAMP},
      </if>
      <if test="createby != null" >
        CreateBy = #{createby,jdbcType=VARCHAR},
      </if>
      <if test="modifyby != null" >
        ModifyBy = #{modifyby,jdbcType=VARCHAR},
      </if>
      <if test="cmRemark != null" >
        cm_remark = #{cmRemark,jdbcType=LONGVARCHAR},
      </if>
    </set>
    where cm_contractId = #{cmContractid,jdbcType=INTEGER}
  </update>
  <update id="updateByPrimaryKeyWithBLOBs" parameterType="com.xj.domain.contract.ContractDeskCountManagement" >
    update contract_desk_count_management
    set cm_productId = #{cmProductid,jdbcType=INTEGER},
      cm_productName = #{cmProductname,jdbcType=VARCHAR},
      cm_deliveryEnterPriseName = #{cmDeliveryenterprisename,jdbcType=VARCHAR},
      cm_receivingUnit = #{cmReceivingunit,jdbcType=VARCHAR},
      cm_provinceName = #{cmProvincename,jdbcType=VARCHAR},
      cm_cityName = #{cmCityname,jdbcType=VARCHAR},
      cm_adress = #{cmAdress,jdbcType=VARCHAR},
      Createdate = #{createdate,jdbcType=TIMESTAMP},
      ModifyDate = #{modifydate,jdbcType=TIMESTAMP},
      CreateBy = #{createby,jdbcType=VARCHAR},
      ModifyBy = #{modifyby,jdbcType=VARCHAR},
      cm_remark = #{cmRemark,jdbcType=LONGVARCHAR}
    where cm_contractId = #{cmContractid,jdbcType=INTEGER}
  </update>
  <update id="updateByPrimaryKey" parameterType="com.xj.domain.contract.ContractDeskCountManagement" >
    update contract_desk_count_management
    set cm_productId = #{cmProductid,jdbcType=INTEGER},
      cm_productName = #{cmProductname,jdbcType=VARCHAR},
      cm_deliveryEnterPriseName = #{cmDeliveryenterprisename,jdbcType=VARCHAR},
      cm_receivingUnit = #{cmReceivingunit,jdbcType=VARCHAR},
      cm_provinceName = #{cmProvincename,jdbcType=VARCHAR},
      cm_cityName = #{cmCityname,jdbcType=VARCHAR},
      cm_adress = #{cmAdress,jdbcType=VARCHAR},
      Createdate = #{createdate,jdbcType=TIMESTAMP},
      ModifyDate = #{modifydate,jdbcType=TIMESTAMP},
      CreateBy = #{createby,jdbcType=VARCHAR},
      ModifyBy = #{modifyby,jdbcType=VARCHAR}
    where cm_contractId = #{cmContractid,jdbcType=INTEGER}
  </update>
</mapper>