<?xml version="1.0" encoding="UTF-8" ?>
<!DOCTYPE mapper PUBLIC "-//mybatis.org//DTD Mapper 3.0//EN" "http://mybatis.org/dtd/mybatis-3-mapper.dtd" >
<mapper namespace="com.xj.dao.FAdvanceDao" >
  <resultMap id="BaseResultMap" type="com.xj.domain.freight.FAdvance" >
    <id column="ad_id" property="adId" jdbcType="VARCHAR" />
    <result column="ad_type" property="adType" jdbcType="TINYINT" />
    <result column="ad_station" property="adStation" jdbcType="TINYINT" />
    <result column="ad_price" property="adPrice" jdbcType="DECIMAL" />
    <result column="ad_user" property="adUser" jdbcType="VARCHAR" />
    <result column="ad_date" property="adDate" jdbcType="DATE" />
    <result column="ad_color" property="adColor" jdbcType="TINYINT" />
    <result column="ad_state" property="adState" jdbcType="TINYINT" />
    <result column="Createdate" property="createdate" jdbcType="TIMESTAMP" />
    <result column="ModifyDate" property="modifydate" jdbcType="TIMESTAMP" />
    <result column="CreateBy" property="createby" jdbcType="VARCHAR" />
    <result column="ModifyBy" property="modifyby" jdbcType="VARCHAR" />
  </resultMap>
  <resultMap id="ResultMapWithBLOBs" type="com.xj.domain.freight.FAdvance" extends="BaseResultMap" >
    <result column="ad_remark" property="adRemark" jdbcType="LONGVARCHAR" />
  </resultMap>
  <sql id="Example_Where_Clause" >
    <where >
      <foreach collection="oredCriteria" item="criteria" separator="or" >
        <if test="criteria.valid" >
          <trim prefix="(" suffix=")" prefixOverrides="and" >
            <foreach collection="criteria.criteria" item="criterion" >
              <choose >
                <when test="criterion.noValue" >
                  and ${criterion.condition}
                </when>
                <when test="criterion.singleValue" >
                  and ${criterion.condition} #{criterion.value}
                </when>
                <when test="criterion.betweenValue" >
                  and ${criterion.condition} #{criterion.value} and #{criterion.secondValue}
                </when>
                <when test="criterion.listValue" >
                  and ${criterion.condition}
                  <foreach collection="criterion.value" item="listItem" open="(" close=")" separator="," >
                    #{listItem}
                  </foreach>
                </when>
              </choose>
            </foreach>
          </trim>
        </if>
      </foreach>
    </where>
  </sql>
  <sql id="Update_By_Example_Where_Clause" >
    <where >
      <foreach collection="example.oredCriteria" item="criteria" separator="or" >
        <if test="criteria.valid" >
          <trim prefix="(" suffix=")" prefixOverrides="and" >
            <foreach collection="criteria.criteria" item="criterion" >
              <choose >
                <when test="criterion.noValue" >
                  and ${criterion.condition}
                </when>
                <when test="criterion.singleValue" >
                  and ${criterion.condition} #{criterion.value}
                </when>
                <when test="criterion.betweenValue" >
                  and ${criterion.condition} #{criterion.value} and #{criterion.secondValue}
                </when>
                <when test="criterion.listValue" >
                  and ${criterion.condition}
                  <foreach collection="criterion.value" item="listItem" open="(" close=")" separator="," >
                    #{listItem}
                  </foreach>
                </when>
              </choose>
            </foreach>
          </trim>
        </if>
      </foreach>
    </where>
  </sql>
  <sql id="Base_Column_List" >
    <if test="fields == null" >
      ad_id, ad_type, ad_station, ad_price, ad_user, ad_date, ad_color, ad_state, Createdate, 
      ModifyDate, CreateBy, ModifyBy
    </if>
    <if test="fields != null" >
      ${fields}
    </if>
  </sql>
  <sql id="Blob_Column_List" >
    ad_remark
  </sql>
  <select id="selectByExampleWithBLOBs" resultMap="ResultMapWithBLOBs" parameterType="com.xj.domain.freight.FAdvanceQuery" >
    select
    <if test="distinct" >
      distinct
    </if>
    <include refid="Base_Column_List" />
    ,
    <include refid="Blob_Column_List" />
    from f_advance
    <if test="_parameter != null" >
      <include refid="Example_Where_Clause" />
    </if>
    <if test="orderByClause != null" >
      order by ${orderByClause}
    </if>
  </select>
  <select id="selectByExample" resultMap="BaseResultMap" parameterType="com.xj.domain.freight.FAdvanceQuery" >
    select
    <if test="distinct" >
      distinct
    </if>
    <include refid="Base_Column_List" />
    from f_advance
    <if test="_parameter != null" >
      <include refid="Example_Where_Clause" />
    </if>
    <if test="orderByClause != null" >
      order by ${orderByClause}
    </if>
    <if test="startRow != null" >
      limit #{startRow} , #{pageSize}
    </if>
  </select>
  <select id="selectByPrimaryKey" resultMap="ResultMapWithBLOBs" parameterType="java.lang.String" >
    select 
    ad_id,ad_type,ad_station,ad_price,ad_user,ad_date,ad_color,ad_state,Createdate,ModifyDate,CreateBy,ModifyBy,ad_remark
    ,
    <include refid="Blob_Column_List" />
    from f_advance
    where ad_id = #{adId,jdbcType=VARCHAR}
  </select>
  <delete id="deleteByPrimaryKey" parameterType="java.lang.String" >
    delete from f_advance
    where ad_id = #{adId,jdbcType=VARCHAR}
  </delete>
  <delete id="deleteByExample" parameterType="com.xj.domain.freight.FAdvanceQuery" >
    delete from f_advance
    <if test="_parameter != null" >
      <include refid="Example_Where_Clause" />
    </if>
  </delete>
  <insert id="insert" parameterType="com.xj.domain.freight.FAdvance" >
    insert into f_advance (ad_id, ad_type, ad_station, 
      ad_price, ad_user, ad_date, 
      ad_color, ad_state, Createdate, 
      ModifyDate, CreateBy, ModifyBy, 
      ad_remark)
    values (#{adId,jdbcType=VARCHAR}, #{adType,jdbcType=TINYINT}, #{adStation,jdbcType=TINYINT}, 
      #{adPrice,jdbcType=DECIMAL}, #{adUser,jdbcType=VARCHAR}, #{adDate,jdbcType=DATE}, 
      #{adColor,jdbcType=TINYINT}, #{adState,jdbcType=TINYINT}, #{createdate,jdbcType=TIMESTAMP}, 
      #{modifydate,jdbcType=TIMESTAMP}, #{createby,jdbcType=VARCHAR}, #{modifyby,jdbcType=VARCHAR}, 
      #{adRemark,jdbcType=LONGVARCHAR})
  </insert>
  <insert id="insertSelective" parameterType="com.xj.domain.freight.FAdvance" >
    insert into f_advance
    <trim prefix="(" suffix=")" suffixOverrides="," >
      <if test="adId != null" >
        ad_id,
      </if>
      <if test="adType != null" >
        ad_type,
      </if>
      <if test="adStation != null" >
        ad_station,
      </if>
      <if test="adPrice != null" >
        ad_price,
      </if>
      <if test="adUser != null" >
        ad_user,
      </if>
      <if test="adDate != null" >
        ad_date,
      </if>
      <if test="adColor != null" >
        ad_color,
      </if>
      <if test="adState != null" >
        ad_state,
      </if>
      <if test="createdate != null" >
        Createdate,
      </if>
      <if test="modifydate != null" >
        ModifyDate,
      </if>
      <if test="createby != null" >
        CreateBy,
      </if>
      <if test="modifyby != null" >
        ModifyBy,
      </if>
      <if test="adRemark != null" >
        ad_remark,
      </if>
    </trim>
    <trim prefix="values (" suffix=")" suffixOverrides="," >
      <if test="adId != null" >
        #{adId,jdbcType=VARCHAR},
      </if>
      <if test="adType != null" >
        #{adType,jdbcType=TINYINT},
      </if>
      <if test="adStation != null" >
        #{adStation,jdbcType=TINYINT},
      </if>
      <if test="adPrice != null" >
        #{adPrice,jdbcType=DECIMAL},
      </if>
      <if test="adUser != null" >
        #{adUser,jdbcType=VARCHAR},
      </if>
      <if test="adDate != null" >
        #{adDate,jdbcType=DATE},
      </if>
      <if test="adColor != null" >
        #{adColor,jdbcType=TINYINT},
      </if>
      <if test="adState != null" >
        #{adState,jdbcType=TINYINT},
      </if>
      <if test="createdate != null" >
        #{createdate,jdbcType=TIMESTAMP},
      </if>
      <if test="modifydate != null" >
        #{modifydate,jdbcType=TIMESTAMP},
      </if>
      <if test="createby != null" >
        #{createby,jdbcType=VARCHAR},
      </if>
      <if test="modifyby != null" >
        #{modifyby,jdbcType=VARCHAR},
      </if>
      <if test="adRemark != null" >
        #{adRemark,jdbcType=LONGVARCHAR},
      </if>
    </trim>
  </insert>
  <select id="countByExample" parameterType="com.xj.domain.freight.FAdvanceQuery" resultType="java.lang.Integer" >
    select count(*) from f_advance
    <if test="_parameter != null" >
      <include refid="Example_Where_Clause" />
    </if>
  </select>
  <update id="updateByExampleSelective" parameterType="map" >
    update f_advance
    <set >
      <if test="record.adId != null" >
        ad_id = #{record.adId,jdbcType=VARCHAR},
      </if>
      <if test="record.adType != null" >
        ad_type = #{record.adType,jdbcType=TINYINT},
      </if>
      <if test="record.adStation != null" >
        ad_station = #{record.adStation,jdbcType=TINYINT},
      </if>
      <if test="record.adPrice != null" >
        ad_price = #{record.adPrice,jdbcType=DECIMAL},
      </if>
      <if test="record.adUser != null" >
        ad_user = #{record.adUser,jdbcType=VARCHAR},
      </if>
      <if test="record.adDate != null" >
        ad_date = #{record.adDate,jdbcType=DATE},
      </if>
      <if test="record.adColor != null" >
        ad_color = #{record.adColor,jdbcType=TINYINT},
      </if>
      <if test="record.adState != null" >
        ad_state = #{record.adState,jdbcType=TINYINT},
      </if>
      <if test="record.createdate != null" >
        Createdate = #{record.createdate,jdbcType=TIMESTAMP},
      </if>
      <if test="record.modifydate != null" >
        ModifyDate = #{record.modifydate,jdbcType=TIMESTAMP},
      </if>
      <if test="record.createby != null" >
        CreateBy = #{record.createby,jdbcType=VARCHAR},
      </if>
      <if test="record.modifyby != null" >
        ModifyBy = #{record.modifyby,jdbcType=VARCHAR},
      </if>
      <if test="record.adRemark != null" >
        ad_remark = #{record.adRemark,jdbcType=LONGVARCHAR},
      </if>
    </set>
    <if test="_parameter != null" >
      <include refid="Update_By_Example_Where_Clause" />
    </if>
  </update>
  <update id="updateByExampleWithBLOBs" parameterType="map" >
    update f_advance
    set ad_id = #{record.adId,jdbcType=VARCHAR},
      ad_type = #{record.adType,jdbcType=TINYINT},
      ad_station = #{record.adStation,jdbcType=TINYINT},
      ad_price = #{record.adPrice,jdbcType=DECIMAL},
      ad_user = #{record.adUser,jdbcType=VARCHAR},
      ad_date = #{record.adDate,jdbcType=DATE},
      ad_color = #{record.adColor,jdbcType=TINYINT},
      ad_state = #{record.adState,jdbcType=TINYINT},
      Createdate = #{record.createdate,jdbcType=TIMESTAMP},
      ModifyDate = #{record.modifydate,jdbcType=TIMESTAMP},
      CreateBy = #{record.createby,jdbcType=VARCHAR},
      ModifyBy = #{record.modifyby,jdbcType=VARCHAR},
      ad_remark = #{record.adRemark,jdbcType=LONGVARCHAR}
    <if test="_parameter != null" >
      <include refid="Update_By_Example_Where_Clause" />
    </if>
  </update>
  <update id="updateByExample" parameterType="map" >
    update f_advance
    set ad_id = #{record.adId,jdbcType=VARCHAR},
      ad_type = #{record.adType,jdbcType=TINYINT},
      ad_station = #{record.adStation,jdbcType=TINYINT},
      ad_price = #{record.adPrice,jdbcType=DECIMAL},
      ad_user = #{record.adUser,jdbcType=VARCHAR},
      ad_date = #{record.adDate,jdbcType=DATE},
      ad_color = #{record.adColor,jdbcType=TINYINT},
      ad_state = #{record.adState,jdbcType=TINYINT},
      Createdate = #{record.createdate,jdbcType=TIMESTAMP},
      ModifyDate = #{record.modifydate,jdbcType=TIMESTAMP},
      CreateBy = #{record.createby,jdbcType=VARCHAR},
      ModifyBy = #{record.modifyby,jdbcType=VARCHAR}
    <if test="_parameter != null" >
      <include refid="Update_By_Example_Where_Clause" />
    </if>
  </update>
  <update id="updateByPrimaryKeySelective" parameterType="com.xj.domain.freight.FAdvance" >
    update f_advance
    <set >
      <if test="adType != null" >
        ad_type = #{adType,jdbcType=TINYINT},
      </if>
      <if test="adStation != null" >
        ad_station = #{adStation,jdbcType=TINYINT},
      </if>
      <if test="adPrice != null" >
        ad_price = #{adPrice,jdbcType=DECIMAL},
      </if>
      <if test="adUser != null" >
        ad_user = #{adUser,jdbcType=VARCHAR},
      </if>
      <if test="adDate != null" >
        ad_date = #{adDate,jdbcType=DATE},
      </if>
      <if test="adColor != null" >
        ad_color = #{adColor,jdbcType=TINYINT},
      </if>
      <if test="adState != null" >
        ad_state = #{adState,jdbcType=TINYINT},
      </if>
      <if test="createdate != null" >
        Createdate = #{createdate,jdbcType=TIMESTAMP},
      </if>
      <if test="modifydate != null" >
        ModifyDate = #{modifydate,jdbcType=TIMESTAMP},
      </if>
      <if test="createby != null" >
        CreateBy = #{createby,jdbcType=VARCHAR},
      </if>
      <if test="modifyby != null" >
        ModifyBy = #{modifyby,jdbcType=VARCHAR},
      </if>
      <if test="adRemark != null" >
        ad_remark = #{adRemark,jdbcType=LONGVARCHAR},
      </if>
    </set>
    where ad_id = #{adId,jdbcType=VARCHAR}
  </update>
  <update id="updateByPrimaryKeyWithBLOBs" parameterType="com.xj.domain.freight.FAdvance" >
    update f_advance
    set ad_type = #{adType,jdbcType=TINYINT},
      ad_station = #{adStation,jdbcType=TINYINT},
      ad_price = #{adPrice,jdbcType=DECIMAL},
      ad_user = #{adUser,jdbcType=VARCHAR},
      ad_date = #{adDate,jdbcType=DATE},
      ad_color = #{adColor,jdbcType=TINYINT},
      ad_state = #{adState,jdbcType=TINYINT},
      Createdate = #{createdate,jdbcType=TIMESTAMP},
      ModifyDate = #{modifydate,jdbcType=TIMESTAMP},
      CreateBy = #{createby,jdbcType=VARCHAR},
      ModifyBy = #{modifyby,jdbcType=VARCHAR},
      ad_remark = #{adRemark,jdbcType=LONGVARCHAR}
    where ad_id = #{adId,jdbcType=VARCHAR}
  </update>
  <update id="updateByPrimaryKey" parameterType="com.xj.domain.freight.FAdvance" >
    update f_advance
    set ad_type = #{adType,jdbcType=TINYINT},
      ad_station = #{adStation,jdbcType=TINYINT},
      ad_price = #{adPrice,jdbcType=DECIMAL},
      ad_user = #{adUser,jdbcType=VARCHAR},
      ad_date = #{adDate,jdbcType=DATE},
      ad_color = #{adColor,jdbcType=TINYINT},
      ad_state = #{adState,jdbcType=TINYINT},
      Createdate = #{createdate,jdbcType=TIMESTAMP},
      ModifyDate = #{modifydate,jdbcType=TIMESTAMP},
      CreateBy = #{createby,jdbcType=VARCHAR},
      ModifyBy = #{modifyby,jdbcType=VARCHAR}
    where ad_id = #{adId,jdbcType=VARCHAR}
  </update>
</mapper>