<?xml version="1.0" encoding="UTF-8" ?>
<!DOCTYPE mapper PUBLIC "-//mybatis.org//DTD Mapper 3.0//EN" "http://mybatis.org/dtd/mybatis-3-mapper.dtd" >
<mapper namespace="com.xj.dao.PlanYearDao" >
  <resultMap id="BaseResultMap" type="com.xj.domain.plan.PlanYear" >
    <id column="y_id" property="yId" jdbcType="VARCHAR" />
    <result column="y_year" property="yYear" jdbcType="INTEGER" />
    <result column="y_plan" property="yPlan" jdbcType="INTEGER" />
    <result column="y_one" property="yOne" jdbcType="INTEGER" />
    <result column="y_two" property="yTwo" jdbcType="INTEGER" />
    <result column="y_three" property="yThree" jdbcType="INTEGER" />
    <result column="y_four" property="yFour" jdbcType="INTEGER" />
    <result column="y_five" property="yFive" jdbcType="INTEGER" />
    <result column="y_six" property="ySix" jdbcType="INTEGER" />
    <result column="y_seven" property="ySeven" jdbcType="INTEGER" />
    <result column="y_eight" property="yEight" jdbcType="INTEGER" />
    <result column="y_nine" property="yNine" jdbcType="INTEGER" />
    <result column="y_ten" property="yTen" jdbcType="INTEGER" />
    <result column="y_eleven" property="yEleven" jdbcType="INTEGER" />
    <result column="y_twelve" property="yTwelve" jdbcType="INTEGER" />
    <result column="y_user" property="yUser" jdbcType="VARCHAR" />
    <result column="y_date" property="yDate" jdbcType="DATE" />
    <result column="y_department" property="yDepartment" jdbcType="VARCHAR" />
    <result column="y_state" property="yState" jdbcType="TINYINT" />
    <result column="CreateDate" property="createdate" jdbcType="TIMESTAMP" />
    <result column="ModifyDate" property="modifydate" jdbcType="TIMESTAMP" />
    <result column="CreateBy" property="createby" jdbcType="VARCHAR" />
    <result column="ModifyBy" property="modifyby" jdbcType="VARCHAR" />
  </resultMap>
  <resultMap id="ResultMapWithBLOBs" type="com.xj.domain.plan.PlanYear" extends="BaseResultMap" >
    <result column="y_remark" property="yRemark" jdbcType="LONGVARCHAR" />
  </resultMap>
  <sql id="Example_Where_Clause" >
    <where >
      <foreach collection="oredCriteria" item="criteria" separator="or" >
        <if test="criteria.valid" >
          <trim prefix="(" suffix=")" prefixOverrides="and" >
            <foreach collection="criteria.criteria" item="criterion" >
              <choose >
                <when test="criterion.noValue" >
                  and ${criterion.condition}
                </when>
                <when test="criterion.singleValue" >
                  and ${criterion.condition} #{criterion.value}
                </when>
                <when test="criterion.betweenValue" >
                  and ${criterion.condition} #{criterion.value} and #{criterion.secondValue}
                </when>
                <when test="criterion.listValue" >
                  and ${criterion.condition}
                  <foreach collection="criterion.value" item="listItem" open="(" close=")" separator="," >
                    #{listItem}
                  </foreach>
                </when>
              </choose>
            </foreach>
          </trim>
        </if>
      </foreach>
    </where>
  </sql>
  <sql id="Update_By_Example_Where_Clause" >
    <where >
      <foreach collection="example.oredCriteria" item="criteria" separator="or" >
        <if test="criteria.valid" >
          <trim prefix="(" suffix=")" prefixOverrides="and" >
            <foreach collection="criteria.criteria" item="criterion" >
              <choose >
                <when test="criterion.noValue" >
                  and ${criterion.condition}
                </when>
                <when test="criterion.singleValue" >
                  and ${criterion.condition} #{criterion.value}
                </when>
                <when test="criterion.betweenValue" >
                  and ${criterion.condition} #{criterion.value} and #{criterion.secondValue}
                </when>
                <when test="criterion.listValue" >
                  and ${criterion.condition}
                  <foreach collection="criterion.value" item="listItem" open="(" close=")" separator="," >
                    #{listItem}
                  </foreach>
                </when>
              </choose>
            </foreach>
          </trim>
        </if>
      </foreach>
    </where>
  </sql>
  <sql id="Base_Column_List" >
    <if test="fields == null" >
      y_id, y_year, y_plan, y_one, y_two, y_three, y_four, y_five, y_six, y_seven, y_eight, 
      y_nine, y_ten, y_eleven, y_twelve, y_user, y_date, y_department, y_state, CreateDate, 
      ModifyDate, CreateBy, ModifyBy
    </if>
    <if test="fields != null" >
      ${fields}
    </if>
  </sql>
  <sql id="Blob_Column_List" >
    y_remark
  </sql>
  <select id="selectByExampleWithBLOBs" resultMap="ResultMapWithBLOBs" parameterType="com.xj.domain.plan.PlanYearQuery" >
    select
    <if test="distinct" >
      distinct
    </if>
    <include refid="Base_Column_List" />
    ,
    <include refid="Blob_Column_List" />
    from plan_year
    <if test="_parameter != null" >
      <include refid="Example_Where_Clause" />
    </if>
    <if test="orderByClause != null" >
      order by ${orderByClause}
    </if>
  </select>
  <select id="selectByExample" resultMap="BaseResultMap" parameterType="com.xj.domain.plan.PlanYearQuery" >
    select
    <if test="distinct" >
      distinct
    </if>
    <include refid="Base_Column_List" />
    from plan_year
    <if test="_parameter != null" >
      <include refid="Example_Where_Clause" />
    </if>
    <if test="orderByClause != null" >
      order by ${orderByClause}
    </if>
    <if test="startRow != null" >
      limit #{startRow} , #{pageSize}
    </if>
  </select>
  <select id="selectByPrimaryKey" resultMap="ResultMapWithBLOBs" parameterType="java.lang.String" >
    select 
    y_id,y_year,y_plan,y_one,y_two,y_three,y_four,y_five,y_six,y_seven,y_eight,y_nine,y_ten,y_eleven,y_twelve,y_user,y_date,y_department,y_state,CreateDate,ModifyDate,CreateBy,ModifyBy,y_remark
    ,
    <include refid="Blob_Column_List" />
    from plan_year
    where y_id = #{yId,jdbcType=VARCHAR}
  </select>
  <delete id="deleteByPrimaryKey" parameterType="java.lang.String" >
    delete from plan_year
    where y_id = #{yId,jdbcType=VARCHAR}
  </delete>
  <delete id="deleteByExample" parameterType="com.xj.domain.plan.PlanYearQuery" >
    delete from plan_year
    <if test="_parameter != null" >
      <include refid="Example_Where_Clause" />
    </if>
  </delete>
  <insert id="insert" parameterType="com.xj.domain.plan.PlanYear" >
    insert into plan_year (y_id, y_year, y_plan, 
      y_one, y_two, y_three, 
      y_four, y_five, y_six, 
      y_seven, y_eight, y_nine, 
      y_ten, y_eleven, y_twelve, 
      y_user, y_date, y_department, 
      y_state, CreateDate, ModifyDate, 
      CreateBy, ModifyBy, y_remark
      )
    values (#{yId,jdbcType=VARCHAR}, #{yYear,jdbcType=INTEGER}, #{yPlan,jdbcType=INTEGER}, 
      #{yOne,jdbcType=INTEGER}, #{yTwo,jdbcType=INTEGER}, #{yThree,jdbcType=INTEGER}, 
      #{yFour,jdbcType=INTEGER}, #{yFive,jdbcType=INTEGER}, #{ySix,jdbcType=INTEGER}, 
      #{ySeven,jdbcType=INTEGER}, #{yEight,jdbcType=INTEGER}, #{yNine,jdbcType=INTEGER}, 
      #{yTen,jdbcType=INTEGER}, #{yEleven,jdbcType=INTEGER}, #{yTwelve,jdbcType=INTEGER}, 
      #{yUser,jdbcType=VARCHAR}, #{yDate,jdbcType=DATE}, #{yDepartment,jdbcType=VARCHAR}, 
      #{yState,jdbcType=TINYINT}, #{createdate,jdbcType=TIMESTAMP}, #{modifydate,jdbcType=TIMESTAMP}, 
      #{createby,jdbcType=VARCHAR}, #{modifyby,jdbcType=VARCHAR}, #{yRemark,jdbcType=LONGVARCHAR}
      )
  </insert>
  <insert id="insertSelective" parameterType="com.xj.domain.plan.PlanYear" >
    insert into plan_year
    <trim prefix="(" suffix=")" suffixOverrides="," >
      <if test="yId != null" >
        y_id,
      </if>
      <if test="yYear != null" >
        y_year,
      </if>
      <if test="yPlan != null" >
        y_plan,
      </if>
      <if test="yOne != null" >
        y_one,
      </if>
      <if test="yTwo != null" >
        y_two,
      </if>
      <if test="yThree != null" >
        y_three,
      </if>
      <if test="yFour != null" >
        y_four,
      </if>
      <if test="yFive != null" >
        y_five,
      </if>
      <if test="ySix != null" >
        y_six,
      </if>
      <if test="ySeven != null" >
        y_seven,
      </if>
      <if test="yEight != null" >
        y_eight,
      </if>
      <if test="yNine != null" >
        y_nine,
      </if>
      <if test="yTen != null" >
        y_ten,
      </if>
      <if test="yEleven != null" >
        y_eleven,
      </if>
      <if test="yTwelve != null" >
        y_twelve,
      </if>
      <if test="yUser != null" >
        y_user,
      </if>
      <if test="yDate != null" >
        y_date,
      </if>
      <if test="yDepartment != null" >
        y_department,
      </if>
      <if test="yState != null" >
        y_state,
      </if>
      <if test="createdate != null" >
        CreateDate,
      </if>
      <if test="modifydate != null" >
        ModifyDate,
      </if>
      <if test="createby != null" >
        CreateBy,
      </if>
      <if test="modifyby != null" >
        ModifyBy,
      </if>
      <if test="yRemark != null" >
        y_remark,
      </if>
    </trim>
    <trim prefix="values (" suffix=")" suffixOverrides="," >
      <if test="yId != null" >
        #{yId,jdbcType=VARCHAR},
      </if>
      <if test="yYear != null" >
        #{yYear,jdbcType=INTEGER},
      </if>
      <if test="yPlan != null" >
        #{yPlan,jdbcType=INTEGER},
      </if>
      <if test="yOne != null" >
        #{yOne,jdbcType=INTEGER},
      </if>
      <if test="yTwo != null" >
        #{yTwo,jdbcType=INTEGER},
      </if>
      <if test="yThree != null" >
        #{yThree,jdbcType=INTEGER},
      </if>
      <if test="yFour != null" >
        #{yFour,jdbcType=INTEGER},
      </if>
      <if test="yFive != null" >
        #{yFive,jdbcType=INTEGER},
      </if>
      <if test="ySix != null" >
        #{ySix,jdbcType=INTEGER},
      </if>
      <if test="ySeven != null" >
        #{ySeven,jdbcType=INTEGER},
      </if>
      <if test="yEight != null" >
        #{yEight,jdbcType=INTEGER},
      </if>
      <if test="yNine != null" >
        #{yNine,jdbcType=INTEGER},
      </if>
      <if test="yTen != null" >
        #{yTen,jdbcType=INTEGER},
      </if>
      <if test="yEleven != null" >
        #{yEleven,jdbcType=INTEGER},
      </if>
      <if test="yTwelve != null" >
        #{yTwelve,jdbcType=INTEGER},
      </if>
      <if test="yUser != null" >
        #{yUser,jdbcType=VARCHAR},
      </if>
      <if test="yDate != null" >
        #{yDate,jdbcType=DATE},
      </if>
      <if test="yDepartment != null" >
        #{yDepartment,jdbcType=VARCHAR},
      </if>
      <if test="yState != null" >
        #{yState,jdbcType=TINYINT},
      </if>
      <if test="createdate != null" >
        #{createdate,jdbcType=TIMESTAMP},
      </if>
      <if test="modifydate != null" >
        #{modifydate,jdbcType=TIMESTAMP},
      </if>
      <if test="createby != null" >
        #{createby,jdbcType=VARCHAR},
      </if>
      <if test="modifyby != null" >
        #{modifyby,jdbcType=VARCHAR},
      </if>
      <if test="yRemark != null" >
        #{yRemark,jdbcType=LONGVARCHAR},
      </if>
    </trim>
  </insert>
  <select id="countByExample" parameterType="com.xj.domain.plan.PlanYearQuery" resultType="java.lang.Integer" >
    select count(*) from plan_year
    <if test="_parameter != null" >
      <include refid="Example_Where_Clause" />
    </if>
  </select>
  <update id="updateByExampleSelective" parameterType="map" >
    update plan_year
    <set >
      <if test="record.yId != null" >
        y_id = #{record.yId,jdbcType=VARCHAR},
      </if>
      <if test="record.yYear != null" >
        y_year = #{record.yYear,jdbcType=INTEGER},
      </if>
      <if test="record.yPlan != null" >
        y_plan = #{record.yPlan,jdbcType=INTEGER},
      </if>
      <if test="record.yOne != null" >
        y_one = #{record.yOne,jdbcType=INTEGER},
      </if>
      <if test="record.yTwo != null" >
        y_two = #{record.yTwo,jdbcType=INTEGER},
      </if>
      <if test="record.yThree != null" >
        y_three = #{record.yThree,jdbcType=INTEGER},
      </if>
      <if test="record.yFour != null" >
        y_four = #{record.yFour,jdbcType=INTEGER},
      </if>
      <if test="record.yFive != null" >
        y_five = #{record.yFive,jdbcType=INTEGER},
      </if>
      <if test="record.ySix != null" >
        y_six = #{record.ySix,jdbcType=INTEGER},
      </if>
      <if test="record.ySeven != null" >
        y_seven = #{record.ySeven,jdbcType=INTEGER},
      </if>
      <if test="record.yEight != null" >
        y_eight = #{record.yEight,jdbcType=INTEGER},
      </if>
      <if test="record.yNine != null" >
        y_nine = #{record.yNine,jdbcType=INTEGER},
      </if>
      <if test="record.yTen != null" >
        y_ten = #{record.yTen,jdbcType=INTEGER},
      </if>
      <if test="record.yEleven != null" >
        y_eleven = #{record.yEleven,jdbcType=INTEGER},
      </if>
      <if test="record.yTwelve != null" >
        y_twelve = #{record.yTwelve,jdbcType=INTEGER},
      </if>
      <if test="record.yUser != null" >
        y_user = #{record.yUser,jdbcType=VARCHAR},
      </if>
      <if test="record.yDate != null" >
        y_date = #{record.yDate,jdbcType=DATE},
      </if>
      <if test="record.yDepartment != null" >
        y_department = #{record.yDepartment,jdbcType=VARCHAR},
      </if>
      <if test="record.yState != null" >
        y_state = #{record.yState,jdbcType=TINYINT},
      </if>
      <if test="record.createdate != null" >
        CreateDate = #{record.createdate,jdbcType=TIMESTAMP},
      </if>
      <if test="record.modifydate != null" >
        ModifyDate = #{record.modifydate,jdbcType=TIMESTAMP},
      </if>
      <if test="record.createby != null" >
        CreateBy = #{record.createby,jdbcType=VARCHAR},
      </if>
      <if test="record.modifyby != null" >
        ModifyBy = #{record.modifyby,jdbcType=VARCHAR},
      </if>
      <if test="record.yRemark != null" >
        y_remark = #{record.yRemark,jdbcType=LONGVARCHAR},
      </if>
    </set>
    <if test="_parameter != null" >
      <include refid="Update_By_Example_Where_Clause" />
    </if>
  </update>
  <update id="updateByExampleWithBLOBs" parameterType="map" >
    update plan_year
    set y_id = #{record.yId,jdbcType=VARCHAR},
      y_year = #{record.yYear,jdbcType=INTEGER},
      y_plan = #{record.yPlan,jdbcType=INTEGER},
      y_one = #{record.yOne,jdbcType=INTEGER},
      y_two = #{record.yTwo,jdbcType=INTEGER},
      y_three = #{record.yThree,jdbcType=INTEGER},
      y_four = #{record.yFour,jdbcType=INTEGER},
      y_five = #{record.yFive,jdbcType=INTEGER},
      y_six = #{record.ySix,jdbcType=INTEGER},
      y_seven = #{record.ySeven,jdbcType=INTEGER},
      y_eight = #{record.yEight,jdbcType=INTEGER},
      y_nine = #{record.yNine,jdbcType=INTEGER},
      y_ten = #{record.yTen,jdbcType=INTEGER},
      y_eleven = #{record.yEleven,jdbcType=INTEGER},
      y_twelve = #{record.yTwelve,jdbcType=INTEGER},
      y_user = #{record.yUser,jdbcType=VARCHAR},
      y_date = #{record.yDate,jdbcType=DATE},
      y_department = #{record.yDepartment,jdbcType=VARCHAR},
      y_state = #{record.yState,jdbcType=TINYINT},
      CreateDate = #{record.createdate,jdbcType=TIMESTAMP},
      ModifyDate = #{record.modifydate,jdbcType=TIMESTAMP},
      CreateBy = #{record.createby,jdbcType=VARCHAR},
      ModifyBy = #{record.modifyby,jdbcType=VARCHAR},
      y_remark = #{record.yRemark,jdbcType=LONGVARCHAR}
    <if test="_parameter != null" >
      <include refid="Update_By_Example_Where_Clause" />
    </if>
  </update>
  <update id="updateByExample" parameterType="map" >
    update plan_year
    set y_id = #{record.yId,jdbcType=VARCHAR},
      y_year = #{record.yYear,jdbcType=INTEGER},
      y_plan = #{record.yPlan,jdbcType=INTEGER},
      y_one = #{record.yOne,jdbcType=INTEGER},
      y_two = #{record.yTwo,jdbcType=INTEGER},
      y_three = #{record.yThree,jdbcType=INTEGER},
      y_four = #{record.yFour,jdbcType=INTEGER},
      y_five = #{record.yFive,jdbcType=INTEGER},
      y_six = #{record.ySix,jdbcType=INTEGER},
      y_seven = #{record.ySeven,jdbcType=INTEGER},
      y_eight = #{record.yEight,jdbcType=INTEGER},
      y_nine = #{record.yNine,jdbcType=INTEGER},
      y_ten = #{record.yTen,jdbcType=INTEGER},
      y_eleven = #{record.yEleven,jdbcType=INTEGER},
      y_twelve = #{record.yTwelve,jdbcType=INTEGER},
      y_user = #{record.yUser,jdbcType=VARCHAR},
      y_date = #{record.yDate,jdbcType=DATE},
      y_department = #{record.yDepartment,jdbcType=VARCHAR},
      y_state = #{record.yState,jdbcType=TINYINT},
      CreateDate = #{record.createdate,jdbcType=TIMESTAMP},
      ModifyDate = #{record.modifydate,jdbcType=TIMESTAMP},
      CreateBy = #{record.createby,jdbcType=VARCHAR},
      ModifyBy = #{record.modifyby,jdbcType=VARCHAR}
    <if test="_parameter != null" >
      <include refid="Update_By_Example_Where_Clause" />
    </if>
  </update>
  <update id="updateByPrimaryKeySelective" parameterType="com.xj.domain.plan.PlanYear" >
    update plan_year
    <set >
      <if test="yYear != null" >
        y_year = #{yYear,jdbcType=INTEGER},
      </if>
      <if test="yPlan != null" >
        y_plan = #{yPlan,jdbcType=INTEGER},
      </if>
      <if test="yOne != null" >
        y_one = #{yOne,jdbcType=INTEGER},
      </if>
      <if test="yTwo != null" >
        y_two = #{yTwo,jdbcType=INTEGER},
      </if>
      <if test="yThree != null" >
        y_three = #{yThree,jdbcType=INTEGER},
      </if>
      <if test="yFour != null" >
        y_four = #{yFour,jdbcType=INTEGER},
      </if>
      <if test="yFive != null" >
        y_five = #{yFive,jdbcType=INTEGER},
      </if>
      <if test="ySix != null" >
        y_six = #{ySix,jdbcType=INTEGER},
      </if>
      <if test="ySeven != null" >
        y_seven = #{ySeven,jdbcType=INTEGER},
      </if>
      <if test="yEight != null" >
        y_eight = #{yEight,jdbcType=INTEGER},
      </if>
      <if test="yNine != null" >
        y_nine = #{yNine,jdbcType=INTEGER},
      </if>
      <if test="yTen != null" >
        y_ten = #{yTen,jdbcType=INTEGER},
      </if>
      <if test="yEleven != null" >
        y_eleven = #{yEleven,jdbcType=INTEGER},
      </if>
      <if test="yTwelve != null" >
        y_twelve = #{yTwelve,jdbcType=INTEGER},
      </if>
      <if test="yUser != null" >
        y_user = #{yUser,jdbcType=VARCHAR},
      </if>
      <if test="yDate != null" >
        y_date = #{yDate,jdbcType=DATE},
      </if>
      <if test="yDepartment != null" >
        y_department = #{yDepartment,jdbcType=VARCHAR},
      </if>
      <if test="yState != null" >
        y_state = #{yState,jdbcType=TINYINT},
      </if>
      <if test="createdate != null" >
        CreateDate = #{createdate,jdbcType=TIMESTAMP},
      </if>
      <if test="modifydate != null" >
        ModifyDate = #{modifydate,jdbcType=TIMESTAMP},
      </if>
      <if test="createby != null" >
        CreateBy = #{createby,jdbcType=VARCHAR},
      </if>
      <if test="modifyby != null" >
        ModifyBy = #{modifyby,jdbcType=VARCHAR},
      </if>
      <if test="yRemark != null" >
        y_remark = #{yRemark,jdbcType=LONGVARCHAR},
      </if>
    </set>
    where y_id = #{yId,jdbcType=VARCHAR}
  </update>
  <update id="updateByPrimaryKeyWithBLOBs" parameterType="com.xj.domain.plan.PlanYear" >
    update plan_year
    set y_year = #{yYear,jdbcType=INTEGER},
      y_plan = #{yPlan,jdbcType=INTEGER},
      y_one = #{yOne,jdbcType=INTEGER},
      y_two = #{yTwo,jdbcType=INTEGER},
      y_three = #{yThree,jdbcType=INTEGER},
      y_four = #{yFour,jdbcType=INTEGER},
      y_five = #{yFive,jdbcType=INTEGER},
      y_six = #{ySix,jdbcType=INTEGER},
      y_seven = #{ySeven,jdbcType=INTEGER},
      y_eight = #{yEight,jdbcType=INTEGER},
      y_nine = #{yNine,jdbcType=INTEGER},
      y_ten = #{yTen,jdbcType=INTEGER},
      y_eleven = #{yEleven,jdbcType=INTEGER},
      y_twelve = #{yTwelve,jdbcType=INTEGER},
      y_user = #{yUser,jdbcType=VARCHAR},
      y_date = #{yDate,jdbcType=DATE},
      y_department = #{yDepartment,jdbcType=VARCHAR},
      y_state = #{yState,jdbcType=TINYINT},
      CreateDate = #{createdate,jdbcType=TIMESTAMP},
      ModifyDate = #{modifydate,jdbcType=TIMESTAMP},
      CreateBy = #{createby,jdbcType=VARCHAR},
      ModifyBy = #{modifyby,jdbcType=VARCHAR},
      y_remark = #{yRemark,jdbcType=LONGVARCHAR}
    where y_id = #{yId,jdbcType=VARCHAR}
  </update>
  <update id="updateByPrimaryKey" parameterType="com.xj.domain.plan.PlanYear" >
    update plan_year
    set y_year = #{yYear,jdbcType=INTEGER},
      y_plan = #{yPlan,jdbcType=INTEGER},
      y_one = #{yOne,jdbcType=INTEGER},
      y_two = #{yTwo,jdbcType=INTEGER},
      y_three = #{yThree,jdbcType=INTEGER},
      y_four = #{yFour,jdbcType=INTEGER},
      y_five = #{yFive,jdbcType=INTEGER},
      y_six = #{ySix,jdbcType=INTEGER},
      y_seven = #{ySeven,jdbcType=INTEGER},
      y_eight = #{yEight,jdbcType=INTEGER},
      y_nine = #{yNine,jdbcType=INTEGER},
      y_ten = #{yTen,jdbcType=INTEGER},
      y_eleven = #{yEleven,jdbcType=INTEGER},
      y_twelve = #{yTwelve,jdbcType=INTEGER},
      y_user = #{yUser,jdbcType=VARCHAR},
      y_date = #{yDate,jdbcType=DATE},
      y_department = #{yDepartment,jdbcType=VARCHAR},
      y_state = #{yState,jdbcType=TINYINT},
      CreateDate = #{createdate,jdbcType=TIMESTAMP},
      ModifyDate = #{modifydate,jdbcType=TIMESTAMP},
      CreateBy = #{createby,jdbcType=VARCHAR},
      ModifyBy = #{modifyby,jdbcType=VARCHAR}
    where y_id = #{yId,jdbcType=VARCHAR}
  </update>
</mapper>