<?xml version="1.0" encoding="UTF-8" ?>
<!DOCTYPE mapper PUBLIC "-//mybatis.org//DTD Mapper 3.0//EN" "http://mybatis.org/dtd/mybatis-3-mapper.dtd" >
<mapper namespace="com.xj.dao.ProductCoalassayDao" >
  <resultMap id="BaseResultMap" type="com.xj.domain.query.ProductCoalassay" >
    <result column="pc_pid" property="pcPid" jdbcType="INTEGER" />
    <result column="pc_caid" property="pcCaid" jdbcType="VARCHAR" />
    <result column="parameter" property="parameter" jdbcType="INTEGER" />
    <result column="Createdate" property="createdate" jdbcType="TIMESTAMP" />
    <result column="ModifyDate" property="modifydate" jdbcType="TIMESTAMP" />
    <result column="CreateBy" property="createby" jdbcType="VARCHAR" />
    <result column="ModifyBy" property="modifyby" jdbcType="VARCHAR" />
  </resultMap>
  <sql id="Example_Where_Clause" >
    <where >
      <foreach collection="oredCriteria" item="criteria" separator="or" >
        <if test="criteria.valid" >
          <trim prefix="(" suffix=")" prefixOverrides="and" >
            <foreach collection="criteria.criteria" item="criterion" >
              <choose >
                <when test="criterion.noValue" >
                  and ${criterion.condition}
                </when>
                <when test="criterion.singleValue" >
                  and ${criterion.condition} #{criterion.value}
                </when>
                <when test="criterion.betweenValue" >
                  and ${criterion.condition} #{criterion.value} and #{criterion.secondValue}
                </when>
                <when test="criterion.listValue" >
                  and ${criterion.condition}
                  <foreach collection="criterion.value" item="listItem" open="(" close=")" separator="," >
                    #{listItem}
                  </foreach>
                </when>
              </choose>
            </foreach>
          </trim>
        </if>
      </foreach>
    </where>
  </sql>
  <sql id="Update_By_Example_Where_Clause" >
    <where >
      <foreach collection="example.oredCriteria" item="criteria" separator="or" >
        <if test="criteria.valid" >
          <trim prefix="(" suffix=")" prefixOverrides="and" >
            <foreach collection="criteria.criteria" item="criterion" >
              <choose >
                <when test="criterion.noValue" >
                  and ${criterion.condition}
                </when>
                <when test="criterion.singleValue" >
                  and ${criterion.condition} #{criterion.value}
                </when>
                <when test="criterion.betweenValue" >
                  and ${criterion.condition} #{criterion.value} and #{criterion.secondValue}
                </when>
                <when test="criterion.listValue" >
                  and ${criterion.condition}
                  <foreach collection="criterion.value" item="listItem" open="(" close=")" separator="," >
                    #{listItem}
                  </foreach>
                </when>
              </choose>
            </foreach>
          </trim>
        </if>
      </foreach>
    </where>
  </sql>
  <sql id="Base_Column_List" >
    <if test="fields == null" >
      pc_pid, pc_caid, parameter, Createdate, ModifyDate, CreateBy, ModifyBy
    </if>
    <if test="fields != null" >
      ${fields}
    </if>
  </sql>
  <select id="selectByExample" resultMap="BaseResultMap" parameterType="com.xj.domain.query.ProductCoalassayQuery" >
    select
    <if test="distinct" >
      distinct
    </if>
    <include refid="Base_Column_List" />
    from product_coalassay
    <if test="_parameter != null" >
      <include refid="Example_Where_Clause" />
    </if>
    <if test="orderByClause != null" >
      order by ${orderByClause}
    </if>
    <if test="startRow != null" >
      limit #{startRow} , #{pageSize}
    </if>
  </select>
  <delete id="deleteByExample" parameterType="com.xj.domain.query.ProductCoalassayQuery" >
    delete from product_coalassay
    <if test="_parameter != null" >
      <include refid="Example_Where_Clause" />
    </if>
  </delete>
  <insert id="insert" parameterType="com.xj.domain.query.ProductCoalassay" >
    insert into product_coalassay (pc_pid, pc_caid, parameter, 
      Createdate, ModifyDate, CreateBy, 
      ModifyBy)
    values (#{pcPid,jdbcType=INTEGER}, #{pcCaid,jdbcType=VARCHAR}, #{parameter,jdbcType=INTEGER}, 
      #{createdate,jdbcType=TIMESTAMP}, #{modifydate,jdbcType=TIMESTAMP}, #{createby,jdbcType=VARCHAR}, 
      #{modifyby,jdbcType=VARCHAR})
  </insert>
  <insert id="insertSelective" parameterType="com.xj.domain.query.ProductCoalassay" >
    insert into product_coalassay
    <trim prefix="(" suffix=")" suffixOverrides="," >
      <if test="pcPid != null" >
        pc_pid,
      </if>
      <if test="pcCaid != null" >
        pc_caid,
      </if>
      <if test="parameter != null" >
        parameter,
      </if>
      <if test="createdate != null" >
        Createdate,
      </if>
      <if test="modifydate != null" >
        ModifyDate,
      </if>
      <if test="createby != null" >
        CreateBy,
      </if>
      <if test="modifyby != null" >
        ModifyBy,
      </if>
    </trim>
    <trim prefix="values (" suffix=")" suffixOverrides="," >
      <if test="pcPid != null" >
        #{pcPid,jdbcType=INTEGER},
      </if>
      <if test="pcCaid != null" >
        #{pcCaid,jdbcType=VARCHAR},
      </if>
      <if test="parameter != null" >
        #{parameter,jdbcType=INTEGER},
      </if>
      <if test="createdate != null" >
        #{createdate,jdbcType=TIMESTAMP},
      </if>
      <if test="modifydate != null" >
        #{modifydate,jdbcType=TIMESTAMP},
      </if>
      <if test="createby != null" >
        #{createby,jdbcType=VARCHAR},
      </if>
      <if test="modifyby != null" >
        #{modifyby,jdbcType=VARCHAR},
      </if>
    </trim>
  </insert>
  <select id="countByExample" parameterType="com.xj.domain.query.ProductCoalassayQuery" resultType="java.lang.Integer" >
    select count(*) from product_coalassay
    <if test="_parameter != null" >
      <include refid="Example_Where_Clause" />
    </if>
  </select>
  <update id="updateByExampleSelective" parameterType="map" >
    update product_coalassay
    <set >
      <if test="record.pcPid != null" >
        pc_pid = #{record.pcPid,jdbcType=INTEGER},
      </if>
      <if test="record.pcCaid != null" >
        pc_caid = #{record.pcCaid,jdbcType=VARCHAR},
      </if>
      <if test="record.parameter != null" >
        parameter = #{record.parameter,jdbcType=INTEGER},
      </if>
      <if test="record.createdate != null" >
        Createdate = #{record.createdate,jdbcType=TIMESTAMP},
      </if>
      <if test="record.modifydate != null" >
        ModifyDate = #{record.modifydate,jdbcType=TIMESTAMP},
      </if>
      <if test="record.createby != null" >
        CreateBy = #{record.createby,jdbcType=VARCHAR},
      </if>
      <if test="record.modifyby != null" >
        ModifyBy = #{record.modifyby,jdbcType=VARCHAR},
      </if>
    </set>
    <if test="_parameter != null" >
      <include refid="Update_By_Example_Where_Clause" />
    </if>
  </update>
  <update id="updateByExample" parameterType="map" >
    update product_coalassay
    set pc_pid = #{record.pcPid,jdbcType=INTEGER},
      pc_caid = #{record.pcCaid,jdbcType=VARCHAR},
      parameter = #{record.parameter,jdbcType=INTEGER},
      Createdate = #{record.createdate,jdbcType=TIMESTAMP},
      ModifyDate = #{record.modifydate,jdbcType=TIMESTAMP},
      CreateBy = #{record.createby,jdbcType=VARCHAR},
      ModifyBy = #{record.modifyby,jdbcType=VARCHAR}
    <if test="_parameter != null" >
      <include refid="Update_By_Example_Where_Clause" />
    </if>
  </update>
</mapper>