<?xml version="1.0" encoding="UTF-8" ?>
<!DOCTYPE mapper PUBLIC "-//mybatis.org//DTD Mapper 3.0//EN" "http://mybatis.org/dtd/mybatis-3-mapper.dtd" >
<mapper namespace="com.xj.dao.ReciveDao" >
  <resultMap id="BaseResultMap" type="com.xj.domain.base.Recive" >
    <id column="recId" property="recid" jdbcType="VARCHAR" />
    <result column="cusId" property="cusid" jdbcType="INTEGER" />
    <result column="rec_cus_id" property="recCusId" jdbcType="INTEGER" />
  </resultMap>
  <sql id="Example_Where_Clause" >
    <where >
      <foreach collection="oredCriteria" item="criteria" separator="or" >
        <if test="criteria.valid" >
          <trim prefix="(" suffix=")" prefixOverrides="and" >
            <foreach collection="criteria.criteria" item="criterion" >
              <choose >
                <when test="criterion.noValue" >
                  and ${criterion.condition}
                </when>
                <when test="criterion.singleValue" >
                  and ${criterion.condition} #{criterion.value}
                </when>
                <when test="criterion.betweenValue" >
                  and ${criterion.condition} #{criterion.value} and #{criterion.secondValue}
                </when>
                <when test="criterion.listValue" >
                  and ${criterion.condition}
                  <foreach collection="criterion.value" item="listItem" open="(" close=")" separator="," >
                    #{listItem}
                  </foreach>
                </when>
              </choose>
            </foreach>
          </trim>
        </if>
      </foreach>
    </where>
  </sql>
  <sql id="Update_By_Example_Where_Clause" >
    <where >
      <foreach collection="example.oredCriteria" item="criteria" separator="or" >
        <if test="criteria.valid" >
          <trim prefix="(" suffix=")" prefixOverrides="and" >
            <foreach collection="criteria.criteria" item="criterion" >
              <choose >
                <when test="criterion.noValue" >
                  and ${criterion.condition}
                </when>
                <when test="criterion.singleValue" >
                  and ${criterion.condition} #{criterion.value}
                </when>
                <when test="criterion.betweenValue" >
                  and ${criterion.condition} #{criterion.value} and #{criterion.secondValue}
                </when>
                <when test="criterion.listValue" >
                  and ${criterion.condition}
                  <foreach collection="criterion.value" item="listItem" open="(" close=")" separator="," >
                    #{listItem}
                  </foreach>
                </when>
              </choose>
            </foreach>
          </trim>
        </if>
      </foreach>
    </where>
  </sql>
  <sql id="Base_Column_List" >
    <if test="fields == null" >
      recId, cusId, rec_cus_id
    </if>
    <if test="fields != null" >
      ${fields}
    </if>
  </sql>
  <select id="selectByExample" resultMap="BaseResultMap" parameterType="com.xj.domain.base.ReciveQuery" >
    select
    <if test="distinct" >
      distinct
    </if>
    <include refid="Base_Column_List" />
    from recive
    <if test="_parameter != null" >
      <include refid="Example_Where_Clause" />
    </if>
    <if test="orderByClause != null" >
      order by ${orderByClause}
    </if>
    <if test="startRow != null" >
      limit #{startRow} , #{pageSize}
    </if>
  </select>
  <select id="selectByPrimaryKey" resultMap="BaseResultMap" parameterType="java.lang.String" >
    select 
    recId,cusId,rec_cus_id
    from recive
    where recId = #{recid,jdbcType=VARCHAR}
  </select>
  <delete id="deleteByPrimaryKey" parameterType="java.lang.String" >
    delete from recive
    where recId = #{recid,jdbcType=VARCHAR}
  </delete>
  <delete id="deleteByExample" parameterType="com.xj.domain.base.ReciveQuery" >
    delete from recive
    <if test="_parameter != null" >
      <include refid="Example_Where_Clause" />
    </if>
  </delete>
  <insert id="insert" parameterType="com.xj.domain.base.Recive" >
    insert into recive (recId, cusId, rec_cus_id
      )
    values (#{recid,jdbcType=VARCHAR}, #{cusid,jdbcType=INTEGER}, #{recCusId,jdbcType=INTEGER}
      )
  </insert>
  <insert id="insertSelective" parameterType="com.xj.domain.base.Recive" >
    insert into recive
    <trim prefix="(" suffix=")" suffixOverrides="," >
      <if test="recid != null" >
        recId,
      </if>
      <if test="cusid != null" >
        cusId,
      </if>
      <if test="recCusId != null" >
        rec_cus_id,
      </if>
    </trim>
    <trim prefix="values (" suffix=")" suffixOverrides="," >
      <if test="recid != null" >
        #{recid,jdbcType=VARCHAR},
      </if>
      <if test="cusid != null" >
        #{cusid,jdbcType=INTEGER},
      </if>
      <if test="recCusId != null" >
        #{recCusId,jdbcType=INTEGER},
      </if>
    </trim>
  </insert>
  <select id="countByExample" parameterType="com.xj.domain.base.ReciveQuery" resultType="java.lang.Integer" >
    select count(*) from recive
    <if test="_parameter != null" >
      <include refid="Example_Where_Clause" />
    </if>
  </select>
  <update id="updateByExampleSelective" parameterType="map" >
    update recive
    <set >
      <if test="record.recid != null" >
        recId = #{record.recid,jdbcType=VARCHAR},
      </if>
      <if test="record.cusid != null" >
        cusId = #{record.cusid,jdbcType=INTEGER},
      </if>
      <if test="record.recCusId != null" >
        rec_cus_id = #{record.recCusId,jdbcType=INTEGER},
      </if>
    </set>
    <if test="_parameter != null" >
      <include refid="Update_By_Example_Where_Clause" />
    </if>
  </update>
  <update id="updateByExample" parameterType="map" >
    update recive
    set recId = #{record.recid,jdbcType=VARCHAR},
      cusId = #{record.cusid,jdbcType=INTEGER},
      rec_cus_id = #{record.recCusId,jdbcType=INTEGER}
    <if test="_parameter != null" >
      <include refid="Update_By_Example_Where_Clause" />
    </if>
  </update>
  <update id="updateByPrimaryKeySelective" parameterType="com.xj.domain.base.Recive" >
    update recive
    <set >
      <if test="cusid != null" >
        cusId = #{cusid,jdbcType=INTEGER},
      </if>
      <if test="recCusId != null" >
        rec_cus_id = #{recCusId,jdbcType=INTEGER},
      </if>
    </set>
    where recId = #{recid,jdbcType=VARCHAR}
  </update>
  <update id="updateByPrimaryKey" parameterType="com.xj.domain.base.Recive" >
    update recive
    set cusId = #{cusid,jdbcType=INTEGER},
      rec_cus_id = #{recCusId,jdbcType=INTEGER}
    where recId = #{recid,jdbcType=VARCHAR}
  </update>
</mapper>