<?xml version="1.0" encoding="UTF-8" ?>
<!DOCTYPE mapper PUBLIC "-//mybatis.org//DTD Mapper 3.0//EN" "http://mybatis.org/dtd/mybatis-3-mapper.dtd" >
<mapper namespace="com.xj.dao.TAddwagonDao" >
  <resultMap id="BaseResultMap" type="com.xj.domain.trains.TAddwagon" >
    <result column="aw_number" property="awNumber" jdbcType="VARCHAR" />
    <result column="aw_type" property="awType" jdbcType="TINYINT" />
    <result column="aw_total" property="awTotal" jdbcType="DECIMAL" />
    <result column="aw_own" property="awOwn" jdbcType="DECIMAL" />
    <result column="aw_pathway" property="awPathway" jdbcType="TINYINT" />
    <result column="aw_ahid" property="awAhid" jdbcType="VARCHAR" />
    <result column="aw_did" property="awDid" jdbcType="VARCHAR" />
    <result column="aw_end" property="awEnd" jdbcType="VARCHAR" />
    <result column="aw_customer" property="awCustomer" jdbcType="VARCHAR" />
    <result column="aw_product" property="awProduct" jdbcType="VARCHAR" />
    <result column="aw_quality" property="awQuality" jdbcType="VARCHAR" />
    <result column="aw_time" property="awTime" jdbcType="VARCHAR" />
    <result column="aw_probable" property="awProbable" jdbcType="DECIMAL" />
    <result column="aw_loss" property="awLoss" jdbcType="DECIMAL" />
    <result column="Createdate" property="createdate" jdbcType="TIMESTAMP" />
    <result column="ModifyDate" property="modifydate" jdbcType="TIMESTAMP" />
    <result column="CreateBy" property="createby" jdbcType="VARCHAR" />
    <result column="ModifyBy" property="modifyby" jdbcType="VARCHAR" />
  </resultMap>
  <sql id="Example_Where_Clause" >
    <where >
      <foreach collection="oredCriteria" item="criteria" separator="or" >
        <if test="criteria.valid" >
          <trim prefix="(" suffix=")" prefixOverrides="and" >
            <foreach collection="criteria.criteria" item="criterion" >
              <choose >
                <when test="criterion.noValue" >
                  and ${criterion.condition}
                </when>
                <when test="criterion.singleValue" >
                  and ${criterion.condition} #{criterion.value}
                </when>
                <when test="criterion.betweenValue" >
                  and ${criterion.condition} #{criterion.value} and #{criterion.secondValue}
                </when>
                <when test="criterion.listValue" >
                  and ${criterion.condition}
                  <foreach collection="criterion.value" item="listItem" open="(" close=")" separator="," >
                    #{listItem}
                  </foreach>
                </when>
              </choose>
            </foreach>
          </trim>
        </if>
      </foreach>
    </where>
  </sql>
  <sql id="Update_By_Example_Where_Clause" >
    <where >
      <foreach collection="example.oredCriteria" item="criteria" separator="or" >
        <if test="criteria.valid" >
          <trim prefix="(" suffix=")" prefixOverrides="and" >
            <foreach collection="criteria.criteria" item="criterion" >
              <choose >
                <when test="criterion.noValue" >
                  and ${criterion.condition}
                </when>
                <when test="criterion.singleValue" >
                  and ${criterion.condition} #{criterion.value}
                </when>
                <when test="criterion.betweenValue" >
                  and ${criterion.condition} #{criterion.value} and #{criterion.secondValue}
                </when>
                <when test="criterion.listValue" >
                  and ${criterion.condition}
                  <foreach collection="criterion.value" item="listItem" open="(" close=")" separator="," >
                    #{listItem}
                  </foreach>
                </when>
              </choose>
            </foreach>
          </trim>
        </if>
      </foreach>
    </where>
  </sql>
  <sql id="Base_Column_List" >
    <if test="fields == null" >
      aw_number, aw_type, aw_total, aw_own, aw_pathway, aw_ahid, aw_did, aw_end, aw_customer, 
      aw_product, aw_quality, aw_time, aw_probable, aw_loss, Createdate, ModifyDate, CreateBy, 
      ModifyBy
    </if>
    <if test="fields != null" >
      ${fields}
    </if>
  </sql>
  <select id="selectByExample" resultMap="BaseResultMap" parameterType="com.xj.domain.trains.TAddwagonQuery" >
    select
    <if test="distinct" >
      distinct
    </if>
    <include refid="Base_Column_List" />
    from t_addwagon
    <if test="_parameter != null" >
      <include refid="Example_Where_Clause" />
    </if>
    <if test="orderByClause != null" >
      order by ${orderByClause}
    </if>
    <if test="startRow != null" >
      limit #{startRow} , #{pageSize}
    </if>
  </select>
  <delete id="deleteByExample" parameterType="com.xj.domain.trains.TAddwagonQuery" >
    delete from t_addwagon
    <if test="_parameter != null" >
      <include refid="Example_Where_Clause" />
    </if>
  </delete>
  <insert id="insert" parameterType="com.xj.domain.trains.TAddwagon" >
    insert into t_addwagon (aw_number, aw_type, aw_total, 
      aw_own, aw_pathway, aw_ahid, 
      aw_did, aw_end, aw_customer, 
      aw_product, aw_quality, aw_time, 
      aw_probable, aw_loss, Createdate, 
      ModifyDate, CreateBy, ModifyBy
      )
    values (#{awNumber,jdbcType=VARCHAR}, #{awType,jdbcType=TINYINT}, #{awTotal,jdbcType=DECIMAL}, 
      #{awOwn,jdbcType=DECIMAL}, #{awPathway,jdbcType=TINYINT}, #{awAhid,jdbcType=VARCHAR}, 
      #{awDid,jdbcType=VARCHAR}, #{awEnd,jdbcType=VARCHAR}, #{awCustomer,jdbcType=VARCHAR}, 
      #{awProduct,jdbcType=VARCHAR}, #{awQuality,jdbcType=VARCHAR}, #{awTime,jdbcType=VARCHAR}, 
      #{awProbable,jdbcType=DECIMAL}, #{awLoss,jdbcType=DECIMAL}, #{createdate,jdbcType=TIMESTAMP}, 
      #{modifydate,jdbcType=TIMESTAMP}, #{createby,jdbcType=VARCHAR}, #{modifyby,jdbcType=VARCHAR}
      )
  </insert>
  <insert id="insertSelective" parameterType="com.xj.domain.trains.TAddwagon" >
    insert into t_addwagon
    <trim prefix="(" suffix=")" suffixOverrides="," >
      <if test="awNumber != null" >
        aw_number,
      </if>
      <if test="awType != null" >
        aw_type,
      </if>
      <if test="awTotal != null" >
        aw_total,
      </if>
      <if test="awOwn != null" >
        aw_own,
      </if>
      <if test="awPathway != null" >
        aw_pathway,
      </if>
      <if test="awAhid != null" >
        aw_ahid,
      </if>
      <if test="awDid != null" >
        aw_did,
      </if>
      <if test="awEnd != null" >
        aw_end,
      </if>
      <if test="awCustomer != null" >
        aw_customer,
      </if>
      <if test="awProduct != null" >
        aw_product,
      </if>
      <if test="awQuality != null" >
        aw_quality,
      </if>
      <if test="awTime != null" >
        aw_time,
      </if>
      <if test="awProbable != null" >
        aw_probable,
      </if>
      <if test="awLoss != null" >
        aw_loss,
      </if>
      <if test="createdate != null" >
        Createdate,
      </if>
      <if test="modifydate != null" >
        ModifyDate,
      </if>
      <if test="createby != null" >
        CreateBy,
      </if>
      <if test="modifyby != null" >
        ModifyBy,
      </if>
    </trim>
    <trim prefix="values (" suffix=")" suffixOverrides="," >
      <if test="awNumber != null" >
        #{awNumber,jdbcType=VARCHAR},
      </if>
      <if test="awType != null" >
        #{awType,jdbcType=TINYINT},
      </if>
      <if test="awTotal != null" >
        #{awTotal,jdbcType=DECIMAL},
      </if>
      <if test="awOwn != null" >
        #{awOwn,jdbcType=DECIMAL},
      </if>
      <if test="awPathway != null" >
        #{awPathway,jdbcType=TINYINT},
      </if>
      <if test="awAhid != null" >
        #{awAhid,jdbcType=VARCHAR},
      </if>
      <if test="awDid != null" >
        #{awDid,jdbcType=VARCHAR},
      </if>
      <if test="awEnd != null" >
        #{awEnd,jdbcType=VARCHAR},
      </if>
      <if test="awCustomer != null" >
        #{awCustomer,jdbcType=VARCHAR},
      </if>
      <if test="awProduct != null" >
        #{awProduct,jdbcType=VARCHAR},
      </if>
      <if test="awQuality != null" >
        #{awQuality,jdbcType=VARCHAR},
      </if>
      <if test="awTime != null" >
        #{awTime,jdbcType=VARCHAR},
      </if>
      <if test="awProbable != null" >
        #{awProbable,jdbcType=DECIMAL},
      </if>
      <if test="awLoss != null" >
        #{awLoss,jdbcType=DECIMAL},
      </if>
      <if test="createdate != null" >
        #{createdate,jdbcType=TIMESTAMP},
      </if>
      <if test="modifydate != null" >
        #{modifydate,jdbcType=TIMESTAMP},
      </if>
      <if test="createby != null" >
        #{createby,jdbcType=VARCHAR},
      </if>
      <if test="modifyby != null" >
        #{modifyby,jdbcType=VARCHAR},
      </if>
    </trim>
  </insert>
  <select id="countByExample" parameterType="com.xj.domain.trains.TAddwagonQuery" resultType="java.lang.Integer" >
    select count(*) from t_addwagon
    <if test="_parameter != null" >
      <include refid="Example_Where_Clause" />
    </if>
  </select>
  <update id="updateByExampleSelective" parameterType="map" >
    update t_addwagon
    <set >
      <if test="record.awNumber != null" >
        aw_number = #{record.awNumber,jdbcType=VARCHAR},
      </if>
      <if test="record.awType != null" >
        aw_type = #{record.awType,jdbcType=TINYINT},
      </if>
      <if test="record.awTotal != null" >
        aw_total = #{record.awTotal,jdbcType=DECIMAL},
      </if>
      <if test="record.awOwn != null" >
        aw_own = #{record.awOwn,jdbcType=DECIMAL},
      </if>
      <if test="record.awPathway != null" >
        aw_pathway = #{record.awPathway,jdbcType=TINYINT},
      </if>
      <if test="record.awAhid != null" >
        aw_ahid = #{record.awAhid,jdbcType=VARCHAR},
      </if>
      <if test="record.awDid != null" >
        aw_did = #{record.awDid,jdbcType=VARCHAR},
      </if>
      <if test="record.awEnd != null" >
        aw_end = #{record.awEnd,jdbcType=VARCHAR},
      </if>
      <if test="record.awCustomer != null" >
        aw_customer = #{record.awCustomer,jdbcType=VARCHAR},
      </if>
      <if test="record.awProduct != null" >
        aw_product = #{record.awProduct,jdbcType=VARCHAR},
      </if>
      <if test="record.awQuality != null" >
        aw_quality = #{record.awQuality,jdbcType=VARCHAR},
      </if>
      <if test="record.awTime != null" >
        aw_time = #{record.awTime,jdbcType=VARCHAR},
      </if>
      <if test="record.awProbable != null" >
        aw_probable = #{record.awProbable,jdbcType=DECIMAL},
      </if>
      <if test="record.awLoss != null" >
        aw_loss = #{record.awLoss,jdbcType=DECIMAL},
      </if>
      <if test="record.createdate != null" >
        Createdate = #{record.createdate,jdbcType=TIMESTAMP},
      </if>
      <if test="record.modifydate != null" >
        ModifyDate = #{record.modifydate,jdbcType=TIMESTAMP},
      </if>
      <if test="record.createby != null" >
        CreateBy = #{record.createby,jdbcType=VARCHAR},
      </if>
      <if test="record.modifyby != null" >
        ModifyBy = #{record.modifyby,jdbcType=VARCHAR},
      </if>
    </set>
    <if test="_parameter != null" >
      <include refid="Update_By_Example_Where_Clause" />
    </if>
  </update>
  <update id="updateByExample" parameterType="map" >
    update t_addwagon
    set aw_number = #{record.awNumber,jdbcType=VARCHAR},
      aw_type = #{record.awType,jdbcType=TINYINT},
      aw_total = #{record.awTotal,jdbcType=DECIMAL},
      aw_own = #{record.awOwn,jdbcType=DECIMAL},
      aw_pathway = #{record.awPathway,jdbcType=TINYINT},
      aw_ahid = #{record.awAhid,jdbcType=VARCHAR},
      aw_did = #{record.awDid,jdbcType=VARCHAR},
      aw_end = #{record.awEnd,jdbcType=VARCHAR},
      aw_customer = #{record.awCustomer,jdbcType=VARCHAR},
      aw_product = #{record.awProduct,jdbcType=VARCHAR},
      aw_quality = #{record.awQuality,jdbcType=VARCHAR},
      aw_time = #{record.awTime,jdbcType=VARCHAR},
      aw_probable = #{record.awProbable,jdbcType=DECIMAL},
      aw_loss = #{record.awLoss,jdbcType=DECIMAL},
      Createdate = #{record.createdate,jdbcType=TIMESTAMP},
      ModifyDate = #{record.modifydate,jdbcType=TIMESTAMP},
      CreateBy = #{record.createby,jdbcType=VARCHAR},
      ModifyBy = #{record.modifyby,jdbcType=VARCHAR}
    <if test="_parameter != null" >
      <include refid="Update_By_Example_Where_Clause" />
    </if>
  </update>
</mapper>