<?xml version="1.0" encoding="UTF-8" ?>
<!DOCTYPE mapper PUBLIC "-//mybatis.org//DTD Mapper 3.0//EN" "http://mybatis.org/dtd/mybatis-3-mapper.dtd" >
<mapper namespace="com.xj.dao.TWorkDao" >
  <resultMap id="BaseResultMap" type="com.xj.domain.trains.TWork" >
    <id column="w_id" property="wId" jdbcType="INTEGER" />
    <result column="w_date" property="wDate" jdbcType="DATE" />
    <result column="w_turner" property="wTurner" jdbcType="VARCHAR" />
    <result column="w_onwork" property="wOnwork" jdbcType="VARCHAR" />
    <result column="Createdate" property="createdate" jdbcType="TIMESTAMP" />
    <result column="ModifyDate" property="modifydate" jdbcType="TIMESTAMP" />
    <result column="CreateBy" property="createby" jdbcType="VARCHAR" />
    <result column="ModifyBy" property="modifyby" jdbcType="VARCHAR" />
  </resultMap>
  <resultMap id="ResultMapWithBLOBs" type="com.xj.domain.trains.TWork" extends="BaseResultMap" >
    <result column="w_remark" property="wRemark" jdbcType="LONGVARCHAR" />
  </resultMap>
  <sql id="Example_Where_Clause" >
    <where >
      <foreach collection="oredCriteria" item="criteria" separator="or" >
        <if test="criteria.valid" >
          <trim prefix="(" suffix=")" prefixOverrides="and" >
            <foreach collection="criteria.criteria" item="criterion" >
              <choose >
                <when test="criterion.noValue" >
                  and ${criterion.condition}
                </when>
                <when test="criterion.singleValue" >
                  and ${criterion.condition} #{criterion.value}
                </when>
                <when test="criterion.betweenValue" >
                  and ${criterion.condition} #{criterion.value} and #{criterion.secondValue}
                </when>
                <when test="criterion.listValue" >
                  and ${criterion.condition}
                  <foreach collection="criterion.value" item="listItem" open="(" close=")" separator="," >
                    #{listItem}
                  </foreach>
                </when>
              </choose>
            </foreach>
          </trim>
        </if>
      </foreach>
    </where>
  </sql>
  <sql id="Update_By_Example_Where_Clause" >
    <where >
      <foreach collection="example.oredCriteria" item="criteria" separator="or" >
        <if test="criteria.valid" >
          <trim prefix="(" suffix=")" prefixOverrides="and" >
            <foreach collection="criteria.criteria" item="criterion" >
              <choose >
                <when test="criterion.noValue" >
                  and ${criterion.condition}
                </when>
                <when test="criterion.singleValue" >
                  and ${criterion.condition} #{criterion.value}
                </when>
                <when test="criterion.betweenValue" >
                  and ${criterion.condition} #{criterion.value} and #{criterion.secondValue}
                </when>
                <when test="criterion.listValue" >
                  and ${criterion.condition}
                  <foreach collection="criterion.value" item="listItem" open="(" close=")" separator="," >
                    #{listItem}
                  </foreach>
                </when>
              </choose>
            </foreach>
          </trim>
        </if>
      </foreach>
    </where>
  </sql>
  <sql id="Base_Column_List" >
    <if test="fields == null" >
      w_id, w_date, w_turner, w_onwork, Createdate, ModifyDate, CreateBy, ModifyBy
    </if>
    <if test="fields != null" >
      ${fields}
    </if>
  </sql>
  <sql id="Blob_Column_List" >
    w_remark
  </sql>
  <select id="selectByExampleWithBLOBs" resultMap="ResultMapWithBLOBs" parameterType="com.xj.domain.trains.TWorkQuery" >
    select
    <if test="distinct" >
      distinct
    </if>
    <include refid="Base_Column_List" />
    ,
    <include refid="Blob_Column_List" />
    from t_work
    <if test="_parameter != null" >
      <include refid="Example_Where_Clause" />
    </if>
    <if test="orderByClause != null" >
      order by ${orderByClause}
    </if>
  </select>
  <select id="selectByExample" resultMap="BaseResultMap" parameterType="com.xj.domain.trains.TWorkQuery" >
    select
    <if test="distinct" >
      distinct
    </if>
    <include refid="Base_Column_List" />
    from t_work
    <if test="_parameter != null" >
      <include refid="Example_Where_Clause" />
    </if>
    <if test="orderByClause != null" >
      order by ${orderByClause}
    </if>
    <if test="startRow != null" >
      limit #{startRow} , #{pageSize}
    </if>
  </select>
  <select id="selectByPrimaryKey" resultMap="ResultMapWithBLOBs" parameterType="java.lang.Integer" >
    select 
    w_id,w_date,w_turner,w_onwork,Createdate,ModifyDate,CreateBy,ModifyBy,w_remark
    ,
    <include refid="Blob_Column_List" />
    from t_work
    where w_id = #{wId,jdbcType=INTEGER}
  </select>
  <delete id="deleteByPrimaryKey" parameterType="java.lang.Integer" >
    delete from t_work
    where w_id = #{wId,jdbcType=INTEGER}
  </delete>
  <delete id="deleteByExample" parameterType="com.xj.domain.trains.TWorkQuery" >
    delete from t_work
    <if test="_parameter != null" >
      <include refid="Example_Where_Clause" />
    </if>
  </delete>
  <insert id="insert" parameterType="com.xj.domain.trains.TWork" >
    insert into t_work (w_id, w_date, w_turner, 
      w_onwork, Createdate, ModifyDate, 
      CreateBy, ModifyBy, w_remark
      )
    values (#{wId,jdbcType=INTEGER}, #{wDate,jdbcType=DATE}, #{wTurner,jdbcType=VARCHAR}, 
      #{wOnwork,jdbcType=VARCHAR}, #{createdate,jdbcType=TIMESTAMP}, #{modifydate,jdbcType=TIMESTAMP}, 
      #{createby,jdbcType=VARCHAR}, #{modifyby,jdbcType=VARCHAR}, #{wRemark,jdbcType=LONGVARCHAR}
      )
  </insert>
  <insert id="insertSelective" parameterType="com.xj.domain.trains.TWork" >
    insert into t_work
    <trim prefix="(" suffix=")" suffixOverrides="," >
      <if test="wId != null" >
        w_id,
      </if>
      <if test="wDate != null" >
        w_date,
      </if>
      <if test="wTurner != null" >
        w_turner,
      </if>
      <if test="wOnwork != null" >
        w_onwork,
      </if>
      <if test="createdate != null" >
        Createdate,
      </if>
      <if test="modifydate != null" >
        ModifyDate,
      </if>
      <if test="createby != null" >
        CreateBy,
      </if>
      <if test="modifyby != null" >
        ModifyBy,
      </if>
      <if test="wRemark != null" >
        w_remark,
      </if>
    </trim>
    <trim prefix="values (" suffix=")" suffixOverrides="," >
      <if test="wId != null" >
        #{wId,jdbcType=INTEGER},
      </if>
      <if test="wDate != null" >
        #{wDate,jdbcType=DATE},
      </if>
      <if test="wTurner != null" >
        #{wTurner,jdbcType=VARCHAR},
      </if>
      <if test="wOnwork != null" >
        #{wOnwork,jdbcType=VARCHAR},
      </if>
      <if test="createdate != null" >
        #{createdate,jdbcType=TIMESTAMP},
      </if>
      <if test="modifydate != null" >
        #{modifydate,jdbcType=TIMESTAMP},
      </if>
      <if test="createby != null" >
        #{createby,jdbcType=VARCHAR},
      </if>
      <if test="modifyby != null" >
        #{modifyby,jdbcType=VARCHAR},
      </if>
      <if test="wRemark != null" >
        #{wRemark,jdbcType=LONGVARCHAR},
      </if>
    </trim>
  </insert>
  <select id="countByExample" parameterType="com.xj.domain.trains.TWorkQuery" resultType="java.lang.Integer" >
    select count(*) from t_work
    <if test="_parameter != null" >
      <include refid="Example_Where_Clause" />
    </if>
  </select>
  <update id="updateByExampleSelective" parameterType="map" >
    update t_work
    <set >
      <if test="record.wId != null" >
        w_id = #{record.wId,jdbcType=INTEGER},
      </if>
      <if test="record.wDate != null" >
        w_date = #{record.wDate,jdbcType=DATE},
      </if>
      <if test="record.wTurner != null" >
        w_turner = #{record.wTurner,jdbcType=VARCHAR},
      </if>
      <if test="record.wOnwork != null" >
        w_onwork = #{record.wOnwork,jdbcType=VARCHAR},
      </if>
      <if test="record.createdate != null" >
        Createdate = #{record.createdate,jdbcType=TIMESTAMP},
      </if>
      <if test="record.modifydate != null" >
        ModifyDate = #{record.modifydate,jdbcType=TIMESTAMP},
      </if>
      <if test="record.createby != null" >
        CreateBy = #{record.createby,jdbcType=VARCHAR},
      </if>
      <if test="record.modifyby != null" >
        ModifyBy = #{record.modifyby,jdbcType=VARCHAR},
      </if>
      <if test="record.wRemark != null" >
        w_remark = #{record.wRemark,jdbcType=LONGVARCHAR},
      </if>
    </set>
    <if test="_parameter != null" >
      <include refid="Update_By_Example_Where_Clause" />
    </if>
  </update>
  <update id="updateByExampleWithBLOBs" parameterType="map" >
    update t_work
    set w_id = #{record.wId,jdbcType=INTEGER},
      w_date = #{record.wDate,jdbcType=DATE},
      w_turner = #{record.wTurner,jdbcType=VARCHAR},
      w_onwork = #{record.wOnwork,jdbcType=VARCHAR},
      Createdate = #{record.createdate,jdbcType=TIMESTAMP},
      ModifyDate = #{record.modifydate,jdbcType=TIMESTAMP},
      CreateBy = #{record.createby,jdbcType=VARCHAR},
      ModifyBy = #{record.modifyby,jdbcType=VARCHAR},
      w_remark = #{record.wRemark,jdbcType=LONGVARCHAR}
    <if test="_parameter != null" >
      <include refid="Update_By_Example_Where_Clause" />
    </if>
  </update>
  <update id="updateByExample" parameterType="map" >
    update t_work
    set w_id = #{record.wId,jdbcType=INTEGER},
      w_date = #{record.wDate,jdbcType=DATE},
      w_turner = #{record.wTurner,jdbcType=VARCHAR},
      w_onwork = #{record.wOnwork,jdbcType=VARCHAR},
      Createdate = #{record.createdate,jdbcType=TIMESTAMP},
      ModifyDate = #{record.modifydate,jdbcType=TIMESTAMP},
      CreateBy = #{record.createby,jdbcType=VARCHAR},
      ModifyBy = #{record.modifyby,jdbcType=VARCHAR}
    <if test="_parameter != null" >
      <include refid="Update_By_Example_Where_Clause" />
    </if>
  </update>
  <update id="updateByPrimaryKeySelective" parameterType="com.xj.domain.trains.TWork" >
    update t_work
    <set >
      <if test="wDate != null" >
        w_date = #{wDate,jdbcType=DATE},
      </if>
      <if test="wTurner != null" >
        w_turner = #{wTurner,jdbcType=VARCHAR},
      </if>
      <if test="wOnwork != null" >
        w_onwork = #{wOnwork,jdbcType=VARCHAR},
      </if>
      <if test="createdate != null" >
        Createdate = #{createdate,jdbcType=TIMESTAMP},
      </if>
      <if test="modifydate != null" >
        ModifyDate = #{modifydate,jdbcType=TIMESTAMP},
      </if>
      <if test="createby != null" >
        CreateBy = #{createby,jdbcType=VARCHAR},
      </if>
      <if test="modifyby != null" >
        ModifyBy = #{modifyby,jdbcType=VARCHAR},
      </if>
      <if test="wRemark != null" >
        w_remark = #{wRemark,jdbcType=LONGVARCHAR},
      </if>
    </set>
    where w_id = #{wId,jdbcType=INTEGER}
  </update>
  <update id="updateByPrimaryKeyWithBLOBs" parameterType="com.xj.domain.trains.TWork" >
    update t_work
    set w_date = #{wDate,jdbcType=DATE},
      w_turner = #{wTurner,jdbcType=VARCHAR},
      w_onwork = #{wOnwork,jdbcType=VARCHAR},
      Createdate = #{createdate,jdbcType=TIMESTAMP},
      ModifyDate = #{modifydate,jdbcType=TIMESTAMP},
      CreateBy = #{createby,jdbcType=VARCHAR},
      ModifyBy = #{modifyby,jdbcType=VARCHAR},
      w_remark = #{wRemark,jdbcType=LONGVARCHAR}
    where w_id = #{wId,jdbcType=INTEGER}
  </update>
  <update id="updateByPrimaryKey" parameterType="com.xj.domain.trains.TWork" >
    update t_work
    set w_date = #{wDate,jdbcType=DATE},
      w_turner = #{wTurner,jdbcType=VARCHAR},
      w_onwork = #{wOnwork,jdbcType=VARCHAR},
      Createdate = #{createdate,jdbcType=TIMESTAMP},
      ModifyDate = #{modifydate,jdbcType=TIMESTAMP},
      CreateBy = #{createby,jdbcType=VARCHAR},
      ModifyBy = #{modifyby,jdbcType=VARCHAR}
    where w_id = #{wId,jdbcType=INTEGER}
  </update>
</mapper>